"","SURVEY","SURVEY_YEAR","SPECIES_CODE","SEX","AGE","AGEPOP","MEAN_LENGTH","STANDARD_DEVIATION"
"1","GOA",1984,30420,1,6,1678167.33333333,259.560242502635,12.8809954671627
"2","GOA",1984,30420,1,7,3316670.96676587,281.919277206237,10.1259541449269
"3","GOA",1984,30420,1,8,4223663.20807453,296.05237806092,12.732008595659
"4","GOA",1984,30420,1,9,2326084.76412612,302.992335770118,11.1618702176524
"5","GOA",1984,30420,1,10,1685581.54662698,313.030334052334,15.7394239346354
"6","GOA",1984,30420,1,11,1792919.08876812,314.99643951112,9.36354851735038
"7","GOA",1984,30420,1,12,855866.151030883,326.903771287136,14.8879421285216
"8","GOA",1984,30420,1,13,1386691.47069099,330.293298904538,16.8416718064219
"9","GOA",1984,30420,1,14,1882634.40396394,333.938439750706,19.4983257435726
"10","GOA",1984,30420,1,15,1555167.1868832,332.740504315453,24.7085016994109
"11","GOA",1984,30420,1,16,1040447.38315217,332.387829783831,13.6702114818801
"12","GOA",1984,30420,1,17,904623.523291925,341.51205535042,23.529040304134
"13","GOA",1984,30420,1,18,670232.679503106,345.715316753805,18.4867029712789
"14","GOA",1984,30420,1,20,247807.315217391,335.485138720815,4.97640838572968
"15","GOA",1984,30420,1,23,310082.9,363.207526116403,9.47163007156519
"16","GOA",1984,30420,1,24,411602.25,350.836711898441,8.58569558678934
"17","GOA",1984,30420,1,25,112342.464285714,320,0
"18","GOA",1984,30420,1,26,204771.4,370,NA
"19","GOA",1984,30420,1,27,346548.75,346.077730766595,4.88246826868833
"20","GOA",1984,30420,1,29,282707.464285714,344.104775645799,19.574238603267
"21","GOA",1984,30420,1,33,170365,360,0
"22","GOA",1984,30420,1,35,170365,360,0
"23","GOA",1984,30420,1,40,135925.75,340,0
"24","GOA",1984,30420,1,-9,3610733,217.051377102655,71.387633099102
"25","GOA",1984,30420,2,5,922421,240,0
"26","GOA",1984,30420,2,6,908756,250,0
"27","GOA",1984,30420,2,7,2607596.66666667,277.734050127896,12.9402432118417
"28","GOA",1984,30420,2,8,8150279.54812092,295.062636498292,16.6158427846058
"29","GOA",1984,30420,2,9,4924469.10228758,307.159350970581,17.0730469641544
"30","GOA",1984,30420,2,10,1651145.61429739,316.401986077391,14.0130758127129
"31","GOA",1984,30420,2,11,1182235.09395425,327.648120621309,6.60940220589808
"32","GOA",1984,30420,2,12,823360.573120915,321.791460893473,11.2261785808912
"33","GOA",1984,30420,2,13,3206474.64630719,353.324268542187,18.5352797404863
"34","GOA",1984,30420,2,14,2466900.76297386,350.53275301769,23.8989118854417
"35","GOA",1984,30420,2,15,2510926.24624183,347.613328160718,21.5936140891453
"36","GOA",1984,30420,2,16,1528503.79679739,360.927986840117,19.2355425892413
"37","GOA",1984,30420,2,17,339441.56,387.087478622241,18.7020760018574
"38","GOA",1984,30420,2,18,538425.107843137,341.60340363999,8.31970975556682
"39","GOA",1984,30420,2,19,369250.264444444,347.805185894428,14.7353633174646
"40","GOA",1984,30420,2,20,236429.222222222,350,0
"41","GOA",1984,30420,2,21,214972.6875,320,0
"42","GOA",1984,30420,2,22,628429.528333333,374.719229974015,13.2940780491108
"43","GOA",1984,30420,2,23,1727988.71833333,377.595246963953,7.79695187257403
"44","GOA",1984,30420,2,24,943308.275555556,375.441573190057,20.5555921016201
"45","GOA",1984,30420,2,25,302831.75,370,0
"46","GOA",1984,30420,2,27,320552,430,0
"47","GOA",1984,30420,2,28,229865.4,400,0
"48","GOA",1984,30420,2,29,307841.5,410,0
"49","GOA",1984,30420,2,31,260992.035,365.801551568422,4.93533333049977
"50","GOA",1984,30420,2,32,873544.333333333,404.096205000853,9.12256019936192
"51","GOA",1984,30420,2,37,257861.333333333,390,7.6924896875389e-06
"52","GOA",1984,30420,2,40,257861.333333333,390,7.6924896875389e-06
"53","GOA",1984,30420,2,41,307841.5,410,0
"54","GOA",1984,30420,2,43,229865.4,400,0
"55","GOA",1984,30420,2,-9,2645138,251.491687768275,112.167217819815
"56","GOA",1987,30420,1,3,747819,180,0
"57","GOA",1987,30420,1,4,1649236.64166667,236.968317923367,11.238694183468
"58","GOA",1987,30420,1,5,10094198.331746,248.473387758825,26.9406073126365
"59","GOA",1987,30420,1,6,4667306.65217087,273.948757043623,21.4787119140512
"60","GOA",1987,30420,1,7,4555027.44701214,297.187501832155,18.5541462291782
"61","GOA",1987,30420,1,8,637218.607142857,320,0
"62","GOA",1987,30420,1,9,3639161.67460317,296.452279102977,10.7006952652305
"63","GOA",1987,30420,1,10,6825711.3325817,312.639712248814,17.3999009808202
"64","GOA",1987,30420,1,11,12588400.5143161,320.044764911008,18.850484411376
"65","GOA",1987,30420,1,12,14454830.5139426,326.630056375084,20.537677576165
"66","GOA",1987,30420,1,13,4318163.52170868,322.717453481186,21.4710882764268
"67","GOA",1987,30420,1,14,5117225.98678571,332.259123519656,15.9097857240024
"68","GOA",1987,30420,1,15,1510603.06285714,342.816326494483,4.49795175844366
"69","GOA",1987,30420,1,16,3508782.3925,340.769915819574,17.327713774605
"70","GOA",1987,30420,1,17,13231425.965,330.079132652168,19.485786056841
"71","GOA",1987,30420,1,18,3586306.60583333,339.964177547617,16.3492324576864
"72","GOA",1987,30420,1,19,5570027.50059524,324.091827653829,19.9933149400701
"73","GOA",1987,30420,1,20,3587871.66309524,328.788603508993,18.4948601115745
"74","GOA",1987,30420,1,21,3112207.07619048,321.540285605858,17.0734714770325
"75","GOA",1987,30420,1,22,141794.433333333,377.105544575915,9.57194482840419
"76","GOA",1987,30420,1,23,571373.458333333,330,0
"77","GOA",1987,30420,1,24,571373.458333333,330,0
"78","GOA",1987,30420,1,26,1607530.20346639,321.085156172971,23.3070116994601
"79","GOA",1987,30420,1,27,4005611.81178571,323.280544618119,19.9699617336111
"80","GOA",1987,30420,1,28,728636.707142857,326.273229107443,16.5622477924238
"81","GOA",1987,30420,1,29,269455.0375,363.503159594855,11.3072656574049
"82","GOA",1987,30420,1,30,516853.242857143,353.537487720679,7.63124727941573
"83","GOA",1987,30420,1,31,1176586.02,342.330932845862,8.03086156299422
"84","GOA",1987,30420,1,33,91418.1,370,0
"85","GOA",1987,30420,1,42,245856.4375,360,0
"86","GOA",1987,30420,1,44,23598.6,400,7.78578762900596e-06
"87","GOA",1987,30420,1,-9,4433726,182.214473785705,52.8700786167994
"88","GOA",1987,30420,2,4,2366857.58928571,231.997928612776,11.4125672605702
"89","GOA",1987,30420,2,5,2311962.28571429,251.208396349273,15.7557038331486
"90","GOA",1987,30420,2,6,4443112.725,271.70476701106,14.7829568681354
"91","GOA",1987,30420,2,7,2110757.6,278.599747313476,10.7731884436453
"92","GOA",1987,30420,2,9,2842063.10678211,321.204506309362,13.0730904269292
"93","GOA",1987,30420,2,10,15914293.6621155,323.312285496096,16.2775813402602
"94","GOA",1987,30420,2,11,12632357.1930261,322.952835402728,23.2753095332693
"95","GOA",1987,30420,2,12,10647960.6134003,337.876909776793,25.7838301686795
"96","GOA",1987,30420,2,13,3410322.73444027,347.400726141749,26.926129928545
"97","GOA",1987,30420,2,14,4509278.43615522,340.252981675307,26.1234603656103
"98","GOA",1987,30420,2,15,1645471.37698413,334.720311690875,20.39734757396
"99","GOA",1987,30420,2,16,4732487.47420635,335.585187264394,20.2006735888918
"100","GOA",1987,30420,2,17,9971437.04647838,340.75757995966,25.0639833243816
"101","GOA",1987,30420,2,18,5609738.70688741,354.356743417869,22.4116766276701
"102","GOA",1987,30420,2,19,12383157.3066904,345.811957632554,21.27631890494
"103","GOA",1987,30420,2,20,2535024.16949425,351.372574377017,29.0501869510297
"104","GOA",1987,30420,2,21,2629622.23689907,347.516944595203,22.3394898804332
"105","GOA",1987,30420,2,22,1423740.98245614,357.691697786571,19.9778129909117
"106","GOA",1987,30420,2,23,893182.71031746,326.619353948196,20.4826494790646
"107","GOA",1987,30420,2,24,84461.3214285714,390,0
"108","GOA",1987,30420,2,25,880648.765567766,367.330059320694,9.63698172505091
"109","GOA",1987,30420,2,26,2306403.62531328,356.648086618235,16.5381789699493
"110","GOA",1987,30420,2,27,1802318.28884712,362.100305139268,17.0773284183983
"111","GOA",1987,30420,2,28,1977295.56265664,362.305877255162,10.3246509063161
"112","GOA",1987,30420,2,29,426108.428571429,356.382932714309,16.6854669002712
"113","GOA",1987,30420,2,33,352444.384615385,384.211160866188,13.8861141961496
"114","GOA",1987,30420,2,34,697892.238095238,340,0
"115","GOA",1987,30420,2,35,54396.4285714286,400,0
"116","GOA",1987,30420,2,-9,2791899,182.785201040582,25.9841895234844
"117","GOA",1993,30420,1,3,313708,182.394679128361,16.0521230047245
"118","GOA",1993,30420,1,4,215149.75,228.550985999287,38.7081380318962
"119","GOA",1993,30420,1,5,588921.65,248.870043239198,13.6896629127858
"120","GOA",1993,30420,1,6,881234.983333333,260.299061171709,16.3341719627051
"121","GOA",1993,30420,1,7,780672.616666667,273.968764371288,24.1953757191336
"122","GOA",1993,30420,1,8,5441273.17777778,332.467554417503,25.1558710985537
"123","GOA",1993,30420,1,9,8726082.24444445,333.760904833298,19.2772625545227
"124","GOA",1993,30420,1,10,7054159.44444444,345.312633279325,12.8595879865032
"125","GOA",1993,30420,1,11,5153565.24444445,360.626270565935,16.40119932885
"126","GOA",1993,30420,1,12,2084837.84444444,355.193369848332,4.99625941097267
"127","GOA",1993,30420,1,13,3609022.19166667,364.062010789843,16.0789102170453
"128","GOA",1993,30420,1,14,2368510.33333333,364.706031587693,15.3704151669637
"129","GOA",1993,30420,1,15,633935.125,390,0
"130","GOA",1993,30420,1,16,4298072.84444444,367.632815933144,18.0489451194333
"131","GOA",1993,30420,1,17,2690648.01388889,385.904002410985,14.3290133205755
"132","GOA",1993,30420,1,18,3691731.125,369.510210282596,25.9641417659927
"133","GOA",1993,30420,1,19,1765575.55555556,380,0
"134","GOA",1993,30420,1,21,1886148.56944444,370.074163622833,21.5938882717066
"135","GOA",1993,30420,1,22,1872286.52777778,401.349809127476,26.0776001628781
"136","GOA",1993,30420,1,23,2789545.30277778,376.554045298914,15.0809719131624
"137","GOA",1993,30420,1,24,2249193.66666667,377.260889989069,9.30634300539563
"138","GOA",1993,30420,1,25,4091383.95555556,361.663203037442,11.2993024612749
"139","GOA",1993,30420,1,26,681502.375,392.093928872955,7.64416954702467
"140","GOA",1993,30420,1,32,250109,400,0
"141","GOA",1993,30420,1,33,824024.125,394.613675600821,8.42540856379115
"142","GOA",1993,30420,1,34,250109,400,0
"143","GOA",1993,30420,1,37,190089,410,0
"144","GOA",1993,30420,1,39,2118401.33333333,360.539050097107,9.98546068004731
"145","GOA",1993,30420,1,-9,119274,440,0
"146","GOA",1993,30420,2,2,50515,184.629515985351,11.5009748233736
"147","GOA",1993,30420,2,3,112115,187.36199438077,19.517797475718
"148","GOA",1993,30420,2,4,256073.066666667,239.617585709912,14.5026834457933
"149","GOA",1993,30420,2,5,725279.55,239.637468063176,14.9234274849488
"150","GOA",1993,30420,2,6,777027.85,265.228776549,16.7483123306616
"151","GOA",1993,30420,2,7,905515.508333333,283.366379027873,17.380850494901
"152","GOA",1993,30420,2,8,4377359.88636364,323.053193670832,30.849087095241
"153","GOA",1993,30420,2,9,9774114.12626263,335.441389253662,15.7308079263308
"154","GOA",1993,30420,2,10,3027946.41136364,337.144640524408,25.3846705651976
"155","GOA",1993,30420,2,11,10715794.2815657,358.341615270971,16.8181967734743
"156","GOA",1993,30420,2,12,4759753.125,356.695467267538,25.0021866548192
"157","GOA",1993,30420,2,13,3919411.11111111,373.38460511358,13.6737777049637
"158","GOA",1993,30420,2,14,3806087,362.614703762683,4.39435568203824
"159","GOA",1993,30420,2,15,3114641.11111111,366.128543434824,18.8304912856761
"160","GOA",1993,30420,2,16,3688146.375,355.242930806942,8.51537882619399
"161","GOA",1993,30420,2,17,2130255.875,403.110184083716,10.7091100961194
"162","GOA",1993,30420,2,18,2404862.20833333,380.394604209219,28.8110916387456
"163","GOA",1993,30420,2,19,2551079.8968254,389.701214674208,33.602064626542
"164","GOA",1993,30420,2,20,618128.875,390,0
"165","GOA",1993,30420,2,21,1683732.26388889,413.109391327994,22.0752030461831
"166","GOA",1993,30420,2,22,3367442.38293651,368.985387301977,22.5843740383616
"167","GOA",1993,30420,2,23,4052833.59126984,386.411146075816,25.9776916256157
"168","GOA",1993,30420,2,24,4598257.55555556,384.741286784042,22.0361825142228
"169","GOA",1993,30420,2,25,3048520.875,398.730560011154,18.8642249776677
"170","GOA",1993,30420,2,26,375171.555555556,420,0
"171","GOA",1993,30420,2,27,2583592.33333333,391.34850394139,18.1634148177736
"172","GOA",1993,30420,2,28,3420177.44444444,363.820422312721,12.8613379369352
"173","GOA",1993,30420,2,29,877238.375,340,0
"174","GOA",1993,30420,2,31,375171.555555556,420,0
"175","GOA",1993,30420,2,32,1213241.77777778,400,0
"176","GOA",1993,30420,2,34,616464.841269841,423.914145131412,4.88066790556069
"177","GOA",1993,30420,2,35,857758.126984127,425.626138141359,4.96064018327946
"178","GOA",1993,30420,2,36,1442491.77777778,391.029551025363,14.4649761472246
"179","GOA",1993,30420,2,40,241293.285714286,430,0
"180","GOA",1993,30420,2,-9,231989,469.717271077508,9.99600241878675
"181","GOA",1990,30420,1,3,57471.8333333333,168.783317045161,22.1174803045284
"182","GOA",1990,30420,1,4,220624.130952381,209.653105338011,27.4426483474957
"183","GOA",1990,30420,1,5,2978786.71385281,249.080848198163,23.2377101707665
"184","GOA",1990,30420,1,6,4218025.41439394,262.875455227435,12.6464047838835
"185","GOA",1990,30420,1,7,2851080.00292208,276.719962741565,19.4109348109185
"186","GOA",1990,30420,1,8,3275766.06800699,318.81177710909,22.9899925205359
"187","GOA",1990,30420,1,9,3383775.72857143,324.515825962309,11.5060214507297
"188","GOA",1990,30420,1,10,904090.538461539,308.901514203351,12.5869827480804
"189","GOA",1990,30420,1,11,6653769.4032967,350.376960647813,18.582685896854
"190","GOA",1990,30420,1,12,3044441.0206044,330.668605780703,10.7837780664794
"191","GOA",1990,30420,1,13,6218926.56524725,351.700765706551,15.435241992784
"192","GOA",1990,30420,1,14,8666255.41184371,355.531665921773,18.203123631383
"193","GOA",1990,30420,1,15,10734967.8348138,354.969511983175,16.4881044379755
"194","GOA",1990,30420,1,16,3476350.8081044,349.552375938519,14.4869037605261
"195","GOA",1990,30420,1,17,4429704.81782662,360.625142184283,16.4495910081012
"196","GOA",1990,30420,1,18,681671.875,392.953184037408,4.56185756192279
"197","GOA",1990,30420,1,19,480361.625,390,0
"198","GOA",1990,30420,1,20,1708949.4125,356.970515796353,14.8700056320209
"199","GOA",1990,30420,1,21,7009612.60491453,365.757912393375,22.7226401446984
"200","GOA",1990,30420,1,22,2853032.66483516,361.318792517956,35.0667160213937
"201","GOA",1990,30420,1,23,1836207.85096154,345.957841525885,4.90739641880316
"202","GOA",1990,30420,1,25,1471077.53472222,359.818213656831,19.9991738260719
"203","GOA",1990,30420,1,26,4129866.53846154,360.880713462761,9.81362816133143
"204","GOA",1990,30420,1,27,201310.25,400,0
"205","GOA",1990,30420,1,28,1399906.25137363,348.830139362423,29.9717506868591
"206","GOA",1990,30420,1,29,277477.5,420,0
"207","GOA",1990,30420,1,30,394321,310,0
"208","GOA",1990,30420,1,31,1447086.725,376.639016400347,9.41826890903327
"209","GOA",1990,30420,1,32,201310.25,400,0
"210","GOA",1990,30420,1,33,480361.625,390,0
"211","GOA",1990,30420,1,-9,278601,434.681174870155,8.08289785318155
"212","GOA",1990,30420,2,3,40328,150,0
"213","GOA",1990,30420,2,4,65684.15,212.895942171742,8.79596422123146
"214","GOA",1990,30420,2,5,1425697.41538462,253.351248146314,19.1057939360023
"215","GOA",1990,30420,2,6,3973036.39450272,264.803855917441,17.6390601835986
"216","GOA",1990,30420,2,7,1161283.17094017,269.551269688185,15.9859310157942
"217","GOA",1990,30420,2,8,2888539.97940948,302.248342640302,24.4763160760569
"218","GOA",1990,30420,2,9,4753880.46816239,333.22368632304,15.4975940369277
"219","GOA",1990,30420,2,10,5853582.14327894,336.378126287309,24.4536584393814
"220","GOA",1990,30420,2,11,2075464.86666667,339.490458892535,14.1561667156729
"221","GOA",1990,30420,2,12,2276555.88888889,345.257508332641,16.7255189451941
"222","GOA",1990,30420,2,13,1892992.88888889,348.349023204642,16.7242020970542
"223","GOA",1990,30420,2,14,3799796.96089466,363.35205912249,29.6322069671148
"224","GOA",1990,30420,2,15,3950126.69212454,366.783203824054,17.1135169675939
"225","GOA",1990,30420,2,16,4214342.22072372,362.570150587556,22.1413402685372
"226","GOA",1990,30420,2,17,3246671.35769231,368.59354638928,16.7857523144044
"227","GOA",1990,30420,2,18,333848.888888889,410,0
"228","GOA",1990,30420,2,19,1215716.8,386.079343478679,24.7509350268511
"229","GOA",1990,30420,2,20,8208303.38443223,381.935346091364,22.7790687006167
"230","GOA",1990,30420,2,21,3018521.05079365,390.189188286511,19.6380763998847
"231","GOA",1990,30420,2,22,4067052.64126984,387.996776093653,32.4011923489672
"232","GOA",1990,30420,2,23,1061647.35555556,398.812570133405,22.0154282299407
"233","GOA",1990,30420,2,24,1352838.75769231,377.791775099743,22.5513278214639
"234","GOA",1990,30420,2,26,961578.183333333,379.052064946496,19.9775228477987
"235","GOA",1990,30420,2,27,761588.166666667,430.947951090802,9.9549680426126
"236","GOA",1990,30420,2,28,367443.2,390,0
"237","GOA",1990,30420,2,30,1082431.66666667,440.44660247991,13.9762126996482
"238","GOA",1990,30420,2,32,1166532.37857143,391.002229544385,8.21564232889171
"239","GOA",1990,30420,2,33,341087.928571429,380,0
"240","GOA",1990,30420,2,-9,168977,460,0
"241","GOA",1990,30420,3,-9,20558,105,5
"242","GOA",1996,30420,1,2,201650,124.471262087776,4.97196502604089
"243","GOA",1996,30420,1,3,118355,142.329348147522,28.3490679728583
"244","GOA",1996,30420,1,4,46185,210,0
"245","GOA",1996,30420,1,5,116874.5,216.601867815477,22.1449015168774
"246","GOA",1996,30420,1,6,1322582.75,256.855918845154,22.7755447764962
"247","GOA",1996,30420,1,7,441479.375,277.690095941628,16.4101070096687
"248","GOA",1996,30420,1,8,820690.916666667,304.030339883336,21.1780367334603
"249","GOA",1996,30420,1,9,2961262.09952381,339.385261822329,28.2582922757008
"250","GOA",1996,30420,1,10,3826530.6597619,349.941807122234,18.336099820304
"251","GOA",1996,30420,1,11,6525723.59809524,351.134194651539,19.9567495017259
"252","GOA",1996,30420,1,12,3927089.95404762,354.340997284419,16.8996371541745
"253","GOA",1996,30420,1,13,5462858.19880952,365.007053963725,23.6550652686558
"254","GOA",1996,30420,1,14,1929494.97730159,362.450896408208,18.8975831386036
"255","GOA",1996,30420,1,15,2832598.74539683,371.480158737958,12.9605569575039
"256","GOA",1996,30420,1,16,3055228.63059163,385.476773040011,10.1277328305054
"257","GOA",1996,30420,1,17,1475431.36507937,394.828577869979,6.70181337288408
"258","GOA",1996,30420,1,18,2145152.78181818,381.711818059698,12.1304253110274
"259","GOA",1996,30420,1,19,3111767.01269841,387.249621758059,10.5415846066587
"260","GOA",1996,30420,1,20,5012799.81380952,385.320130622765,15.8360721976218
"261","GOA",1996,30420,1,21,2379773.9352381,375.968504926802,12.6812992731785
"262","GOA",1996,30420,1,22,2450939.96349206,379.03129505979,18.3687776828114
"263","GOA",1996,30420,1,23,774379.857142857,401.899942423975,3.92296355136044
"264","GOA",1996,30420,1,24,721708.515151515,390.255729449407,17.6459549197707
"265","GOA",1996,30420,1,25,996118.257215007,389.737738374755,23.7849503476118
"266","GOA",1996,30420,1,26,2066564.01777778,375.206712718789,10.2502874365789
"267","GOA",1996,30420,1,27,544732.868686869,394.938113489933,11.1246770676069
"268","GOA",1996,30420,1,28,984447.852813853,392.374567106318,14.5623596856181
"269","GOA",1996,30420,1,29,1722556.57968254,383.304430998591,15.0820847424579
"270","GOA",1996,30420,1,30,150935.047619048,410.756749355446,4.70423331441376
"271","GOA",1996,30420,1,31,350109.6,370,0
"272","GOA",1996,30420,1,32,179330.181818182,420,6.52256389972952e-06
"273","GOA",1996,30420,1,33,956739.095238095,388.741528329289,9.92049641167263
"274","GOA",1996,30420,1,35,581790.087619048,374.375222408805,19.1927558482261
"275","GOA",1996,30420,1,39,209084.047619048,400,0
"276","GOA",1996,30420,1,43,147127.714285714,410,0
"277","GOA",1996,30420,1,-9,80647,174.68895309187,11.0655711929614
"278","GOA",1996,30420,2,2,108681.5,125.620091735944,4.96139962500649
"279","GOA",1996,30420,2,3,184552.5,158.868235325991,23.7996346133091
"280","GOA",1996,30420,2,4,112414,203.850321134378,4.86602902847348
"281","GOA",1996,30420,2,5,141727,220,0
"282","GOA",1996,30420,2,6,47194.5,250,0
"283","GOA",1996,30420,2,7,259714.888888889,288.064552838711,44.8955289076624
"284","GOA",1996,30420,2,8,1707727.62777778,294.350016648016,30.5019186078488
"285","GOA",1996,30420,2,9,2062877.26666667,313.993475019794,25.8907096636871
"286","GOA",1996,30420,2,10,2671742.29116162,343.903023110074,22.7380342324292
"287","GOA",1996,30420,2,11,3905423.44824204,352.927700992382,26.9254538676358
"288","GOA",1996,30420,2,12,5353540.88390637,361.182859747426,20.6965629188068
"289","GOA",1996,30420,2,13,3993494.60697758,379.477065437885,20.5236839714221
"290","GOA",1996,30420,2,14,2997244.50550699,376.237101591537,18.4380952263008
"291","GOA",1996,30420,2,15,1192463.45454545,380.716099704371,18.0867586523536
"292","GOA",1996,30420,2,16,1687145.63101604,409.236846609195,11.27266937351
"293","GOA",1996,30420,2,17,545901.176470588,410,0
"294","GOA",1996,30420,2,18,2025972.35828877,389.92463456466,18.7363589256063
"295","GOA",1996,30420,2,19,3551166.11159502,397.578006632643,17.9164763923016
"296","GOA",1996,30420,2,20,5737329.38853353,402.749785788913,29.5198576355282
"297","GOA",1996,30420,2,21,1008950.92727273,411.448313703914,13.5432363331626
"298","GOA",1996,30420,2,22,1301601.66433566,410.560999783387,26.8111447775886
"299","GOA",1996,30420,2,23,2928507.86203209,398.256929596857,21.9516674560805
"300","GOA",1996,30420,2,24,3359459.58395722,410.573912815709,24.2349418405996
"301","GOA",1996,30420,2,25,2291006.47272727,417.463119345498,15.5563962945604
"302","GOA",1996,30420,2,26,4322917.70283834,410.923379653776,18.6888701282751
"303","GOA",1996,30420,2,27,1121116.63101604,399.738526061751,9.99658098449945
"304","GOA",1996,30420,2,28,818399.363636364,392.17952271135,40.7438314842215
"305","GOA",1996,30420,2,29,1645943.23101604,413.850621923939,10.6545990037389
"306","GOA",1996,30420,2,30,542685.090909091,433.780989008191,4.84912489031507
"307","GOA",1996,30420,2,31,565860.236363636,427.252272670094,9.61509201830532
"308","GOA",1996,30420,2,32,337496.454545455,430,0
"309","GOA",1996,30420,2,33,819313.227272727,405.997477599171,23.866367782488
"310","GOA",1996,30420,2,34,913977,406.030184567008,16.2833074784639
"311","GOA",1996,30420,2,37,803748,400,0
"312","GOA",1996,30420,2,42,360671.6,420,0
"313","GOA",1996,30420,2,43,354437.8125,370,0
"314","GOA",1996,30420,2,-9,466209,246.5974487837,67.7922288719647
"315","GOA",1999,30420,1,4,88838,200,0
"316","GOA",1999,30420,1,5,1438975.66666667,258.000614789178,23.591082115255
"317","GOA",1999,30420,1,6,590532.666666667,281.757074686244,3.80571089409286
"318","GOA",1999,30420,1,7,970789,292.767429379608,13.686518154146
"319","GOA",1999,30420,1,8,1690909.60606061,324.601430318561,6.60431326430927
"320","GOA",1999,30420,1,9,6376673.36363636,326.836482674226,17.5734906438519
"321","GOA",1999,30420,1,10,2385294.02083333,343.865022038295,18.7246202784132
"322","GOA",1999,30420,1,11,7732999.75340909,354.866787357031,10.857756008177
"323","GOA",1999,30420,1,12,4540040.175,360.866781701992,7.25437955689513
"324","GOA",1999,30420,1,13,6036981.38181818,356.468658074919,15.6488598327148
"325","GOA",1999,30420,1,14,5007597.6875,384.369335256228,10.5111668241529
"326","GOA",1999,30420,1,15,6886046.66590909,375.199025812717,20.7006106479471
"327","GOA",1999,30420,1,16,4971275.975,374.328291993486,7.27560182658775
"328","GOA",1999,30420,1,17,4704683,389.639463487763,17.5702471473256
"329","GOA",1999,30420,1,18,5618594.2875,373.957867904695,14.8407079761707
"330","GOA",1999,30420,1,19,2132856.6875,376.698237196961,4.70276412579522
"331","GOA",1999,30420,1,20,1428638,380,0
"332","GOA",1999,30420,1,21,5693104.75416667,396.481354640394,17.2151431677105
"333","GOA",1999,30420,1,22,3536320.8,397.536907850668,13.0116200209874
"334","GOA",1999,30420,1,23,3987408.4,394.533324452043,25.8418492626816
"335","GOA",1999,30420,1,24,882630,390,0
"336","GOA",1999,30420,1,25,3839518,397.045467686309,18.1453043169727
"337","GOA",1999,30420,1,26,3096289.775,391.804837694818,19.9183975483821
"338","GOA",1999,30420,1,27,3022631.4,387.088518963973,22.6584551341567
"339","GOA",1999,30420,1,28,1095776.33333333,397.780651100027,15.8331144270695
"340","GOA",1999,30420,1,29,4847164.8,394.99201182514,23.5656914511032
"341","GOA",1999,30420,1,30,1446103,400,0
"342","GOA",1999,30420,1,31,882630,390,0
"343","GOA",1999,30420,1,32,1446103,400,0
"344","GOA",1999,30420,1,34,1428638,380,0
"345","GOA",1999,30420,1,36,882630,390,0
"346","GOA",1999,30420,1,39,1014915,350,0
"347","GOA",1999,30420,1,41,888430.8,420,0
"348","GOA",1999,30420,1,-9,2755974,238.643521310433,30.3000200181769
"349","GOA",1999,30420,2,3,37931,130,0
"350","GOA",1999,30420,2,4,385001,201.809319975792,15.5159662261004
"351","GOA",1999,30420,2,5,1730698,238.843795971336,17.2858160886712
"352","GOA",1999,30420,2,6,224499.916666667,279.116224616268,7.88824575102619
"353","GOA",1999,30420,2,7,1869335.58333333,323.212529567658,13.5490106324997
"354","GOA",1999,30420,2,8,998215.791666667,322.399901507602,14.8000724639213
"355","GOA",1999,30420,2,9,6346145.20833333,325.977284898375,9.85688662533641
"356","GOA",1999,30420,2,10,5937168.01587302,347.304919304628,18.2877862472525
"357","GOA",1999,30420,2,11,16100236.9514791,360.68859287836,14.6106675673676
"358","GOA",1999,30420,2,12,16262870.1955267,370.845568177063,16.5304363582082
"359","GOA",1999,30420,2,13,10270613.525974,375.784551573878,13.6349556041259
"360","GOA",1999,30420,2,14,11886541.4098124,387.013511705533,17.0862845710097
"361","GOA",1999,30420,2,15,16640874.3708514,379.787889746181,15.4772948328796
"362","GOA",1999,30420,2,16,22569514.6111111,387.968480280594,19.831337432361
"363","GOA",1999,30420,2,18,16061731.9350649,388.977366363474,10.310743626933
"364","GOA",1999,30420,2,19,3515940.09090909,380,0
"365","GOA",1999,30420,2,20,2483143.63636364,392.66935021516,12.3707551240179
"366","GOA",1999,30420,2,21,3334400.5,410,0
"367","GOA",1999,30420,2,22,3061150,433.277679956879,9.35880402651084
"368","GOA",1999,30420,2,23,3555346.5,412.485788656605,9.65672827715755
"369","GOA",1999,30420,2,24,8217154.68939394,397.026701214212,12.902006326335
"370","GOA",1999,30420,2,25,2062342.23809524,426.823912672385,10.2947801576267
"371","GOA",1999,30420,2,26,1413916.57142857,420,0
"372","GOA",1999,30420,2,27,7053003.32142857,415.607445000646,13.5844389777329
"373","GOA",1999,30420,2,28,6360961.71969697,403.035626972869,17.2833028224145
"374","GOA",1999,30420,2,29,2372670.63636364,390,0
"375","GOA",1999,30420,2,30,3515940.09090909,380,0
"376","GOA",1999,30420,2,31,6298002.01785714,413.705130827588,30.9816047837487
"377","GOA",1999,30420,2,32,12215615.3051948,389.584052338222,19.2705290405799
"378","GOA",1999,30420,2,33,3022858.75,401.827293451935,9.38219970141857
"379","GOA",1999,30420,2,34,1071632.75,390.199349232903,49.999602597254
"380","GOA",1999,30420,2,39,2726701,430,0
"381","GOA",1999,30420,2,40,537952.666666667,440,0
"382","GOA",1999,30420,2,-9,166223,158.028973126463,22.4469616276749
"383","GOA",2001,30420,1,3,1742764.33333333,179.408288709145,17.2893003670577
"384","GOA",2001,30420,1,4,749340.333333333,200.20585216953,17.9611998430064
"385","GOA",2001,30420,1,5,1010723.6474359,234.810044039974,21.5686377914873
"386","GOA",2001,30420,1,6,3803853.564831,276.833562549541,23.1848312946462
"387","GOA",2001,30420,1,7,8610759.49780395,310.713241403491,34.3936864458458
"388","GOA",2001,30420,1,8,3783512.7349359,311.072365860847,16.2946373663577
"389","GOA",2001,30420,1,9,4931186.22596154,334.076169494383,9.03409339355274
"390","GOA",2001,30420,1,10,14824736.9343948,357.158321814489,14.1530460074624
"391","GOA",2001,30420,1,11,11388092.2097339,360.900617390004,15.7561510641928
"392","GOA",2001,30420,1,12,9349658.59590152,361.451612190625,10.4945059142969
"393","GOA",2001,30420,1,13,18632576.2334144,368.385524003982,14.9066557656285
"394","GOA",2001,30420,1,14,10653949.4010615,373.293333198767,14.9442591547757
"395","GOA",2001,30420,1,15,12342153.2962996,375.052963546302,18.1749161809484
"396","GOA",2001,30420,1,16,4374929.97892157,380.139884220894,18.1338861821182
"397","GOA",2001,30420,1,17,10071172.0600361,374.540546470888,16.3489927603677
"398","GOA",2001,30420,1,18,11610557.5350361,380.280261353633,22.1386780326858
"399","GOA",2001,30420,1,19,5035186.12009804,374.462744442128,11.9120819797142
"400","GOA",2001,30420,1,20,8026221.00477296,387.787304074176,15.3753602855586
"401","GOA",2001,30420,1,21,7355216.09594943,381.276773912309,9.86953765645917
"402","GOA",2001,30420,1,22,1937037.2,402.645186163694,4.41076544335815
"403","GOA",2001,30420,1,23,4314935.54692982,374.264401317982,24.6158952978166
"404","GOA",2001,30420,1,24,5586411.07705803,392.911158698868,25.8848438236672
"405","GOA",2001,30420,1,25,5059427.8495098,390.720454307613,10.457385615541
"406","GOA",2001,30420,1,26,6593695.3,384.432630920429,19.4167650712884
"407","GOA",2001,30420,1,27,3185394.21359649,382.948127421911,14.8321102122537
"408","GOA",2001,30420,1,28,1037479.70833333,390,0
"409","GOA",2001,30420,1,29,6978364.00833333,407.39851057569,13.5141060898197
"410","GOA",2001,30420,1,30,4097666.61359649,385.493997963622,13.1953924139644
"411","GOA",2001,30420,1,31,5018738.5672619,395.988196583679,26.508668117512
"412","GOA",2001,30420,1,32,1424654.8,400,0
"413","GOA",2001,30420,1,33,4828111.88284314,395.219163142797,16.7583181054253
"414","GOA",2001,30420,1,34,1193338.83333333,420,0
"415","GOA",2001,30420,1,35,4151720.84117647,402.422713511157,23.3304289777438
"416","GOA",2001,30420,1,40,1037479.70833333,390,0
"417","GOA",2001,30420,1,41,2084910.94117647,380,0
"418","GOA",2001,30420,1,60,1635532.10526316,370,0
"419","GOA",2001,30420,1,-9,208461489,368.162449516035,37.6952539467778
"420","GOA",2001,30420,2,2,51701.5,162.208349854453,15.8415969470025
"421","GOA",2001,30420,2,3,495615.7,173.872137222449,19.0787003559264
"422","GOA",2001,30420,2,4,382242.6,180,0
"423","GOA",2001,30420,2,5,1444350.125,232.867823686449,30.134025459913
"424","GOA",2001,30420,2,6,2020300.57362637,269.711781650016,26.9069749839458
"425","GOA",2001,30420,2,7,9442168.35314245,312.104796594026,31.4232941368435
"426","GOA",2001,30420,2,8,3192295.56287536,322.773465157361,14.0933050236933
"427","GOA",2001,30420,2,9,12178752.1274412,345.621794530832,16.3869693450797
"428","GOA",2001,30420,2,10,17447614.6003261,347.686823410788,16.3032710162351
"429","GOA",2001,30420,2,11,15553275.4473517,360.392406483317,15.0164049131828
"430","GOA",2001,30420,2,12,8391182.40297937,369.897619375826,11.938508021866
"431","GOA",2001,30420,2,13,9304151.51082251,375.934072337691,17.1789167444415
"432","GOA",2001,30420,2,14,11116250.3095238,378.50234460377,14.2839927968674
"433","GOA",2001,30420,2,15,10016239.3928571,377.564520178505,15.8184655112015
"434","GOA",2001,30420,2,16,19630628.2489177,381.547293214137,16.3726823098917
"435","GOA",2001,30420,2,17,9750006.39772727,407.852800138547,24.1096977835296
"436","GOA",2001,30420,2,18,14279364.4404762,393.647849387868,12.8556985975699
"437","GOA",2001,30420,2,19,7765655.08928572,397.49420114348,16.4143893270777
"438","GOA",2001,30420,2,20,1824407.94444444,416.560864509378,12.4008464296158
"439","GOA",2001,30420,2,22,3217279.71428571,390,0
"440","GOA",2001,30420,2,23,7514072.61309524,408.146467325473,22.5698240505209
"441","GOA",2001,30420,2,24,14365147.4047619,397.600354658652,13.8558898099003
"442","GOA",2001,30420,2,25,7730605.57936508,403.814602018955,16.116508537911
"443","GOA",2001,30420,2,26,12288350.8187442,402.03510247598,23.1275080656194
"444","GOA",2001,30420,2,27,2258894.66666667,417.379507440512,9.65054499733889
"445","GOA",2001,30420,2,28,2975128.08333333,369.727019595823,14.2357046099143
"446","GOA",2001,30420,2,29,3780754.94444444,397.642490097032,20.1983771617552
"447","GOA",2001,30420,2,30,5093819.22420635,405.215412110035,27.5498029119708
"448","GOA",2001,30420,2,31,1073883.83660131,377.153904750119,48.3216083841485
"449","GOA",2001,30420,2,32,6984905.27380952,401.778401320413,7.78985012821788
"450","GOA",2001,30420,2,34,2355336.77777778,390.163891165175,22.5061943982759
"451","GOA",2001,30420,2,35,3264146.15277778,424.95493608391,9.98247877689691
"452","GOA",2001,30420,2,36,1692193,458.385952429776,3.6790387526224
"453","GOA",2001,30420,2,37,91783,490,0
"454","GOA",2001,30420,2,39,777936,469.467205528475,14.3193601381612
"455","GOA",2001,30420,2,40,3632033.58333333,410.644366059115,16.7698598135533
"456","GOA",2001,30420,2,41,1956347,380,0
"457","GOA",2001,30420,2,60,1419065,460,0
"458","GOA",2001,30420,2,-9,1845222,382.612065106529,127.230310827512
"459","GOA",2003,30420,1,3,29789,190,0
"460","GOA",2003,30420,1,4,30485,205.041495817615,4.99982780674728
"461","GOA",2003,30420,1,5,1822428.57777778,253.582985956005,13.6907517323152
"462","GOA",2003,30420,1,6,767441.622222222,269.233780879982,12.9928722770248
"463","GOA",2003,30420,1,7,415536.916666667,302.03353973965,30.6381914674848
"464","GOA",2003,30420,1,8,3899327.28690476,331.202172268713,18.6977948603944
"465","GOA",2003,30420,1,9,4068937.89285714,347.756000781332,19.1719324981097
"466","GOA",2003,30420,1,10,2089202.61904762,337.872613850967,25.4547501861607
"467","GOA",2003,30420,1,11,800798.65,359.991757603487,19.6742167348449
"468","GOA",2003,30420,1,12,332964.666666667,350,0
"469","GOA",2003,30420,1,13,1026674.45833333,369.52183358024,19.9394207773734
"470","GOA",2003,30420,1,14,2157529.80714286,390.167260261622,12.1149313869381
"471","GOA",2003,30420,1,15,332964.666666667,350,0
"472","GOA",2003,30420,1,16,2109205.49166667,379.387210094777,26.3591928513619
"473","GOA",2003,30420,1,19,1847965.0952381,396.301874079409,25.5703745301717
"474","GOA",2003,30420,1,20,1127591.99166667,368.090435991701,31.6241201430963
"475","GOA",2003,30420,1,21,931079,363.25812847245,19.7328304826503
"476","GOA",2003,30420,1,23,832141,420,0
"477","GOA",2003,30420,1,25,617516.342857143,379.016167623001,42.7615135976729
"478","GOA",2003,30420,1,26,417561.5,400,0
"479","GOA",2003,30420,1,27,861890.533333333,377.78157172009,33.8201285265433
"480","GOA",2003,30420,1,28,691516.166666667,355.185005315614,4.99657613103187
"481","GOA",2003,30420,1,29,2263417.67857143,385.51872811809,15.0916119049559
"482","GOA",2003,30420,1,30,1224238.30357143,385.577830938465,4.9664989083462
"483","GOA",2003,30420,1,33,1904866.17857143,390.322098742107,11.1793984589713
"484","GOA",2003,30420,1,34,776113,381.520654853095,19.9421064288039
"485","GOA",2003,30420,1,35,958940.375,388.70881049304,9.91629112406012
"486","GOA",2003,30420,1,36,541378.875,380,0
"487","GOA",2003,30420,1,37,1224238.30357143,385.577830938465,4.9664989083462
"488","GOA",2003,30420,1,-9,1006477,415.216145028649,66.5651518328199
"489","GOA",2003,30420,2,3,17491.25,210,0
"490","GOA",2003,30420,2,4,83626.5,225.264599140225,29.6239089030674
"491","GOA",2003,30420,2,5,894793,240.619812813317,19.2989831421271
"492","GOA",2003,30420,2,6,873936.083333333,272.928457868725,10.6439525483415
"493","GOA",2003,30420,2,7,713827.416666667,287.734743073402,18.3397154586307
"494","GOA",2003,30420,2,8,3639509.52813853,325.330927523378,11.6542406091626
"495","GOA",2003,30420,2,9,5806949.29545455,344.262252461537,21.5956292453251
"496","GOA",2003,30420,2,10,2326337.74350649,344.400575091535,12.5151848846318
"497","GOA",2003,30420,2,11,2018504.76666667,385.696584846641,23.6204520834131
"498","GOA",2003,30420,2,12,1947520.07142857,366.614404964321,20.0908563524404
"499","GOA",2003,30420,2,13,641911.5,370,0
"500","GOA",2003,30420,2,14,1862467.79285714,404.025319348667,15.4861867125768
"501","GOA",2003,30420,2,15,2271737.74285714,393.34589879282,8.25074514793318
"502","GOA",2003,30420,2,16,1235789.06493506,388.831983661987,34.1786489235112
"503","GOA",2003,30420,2,18,1376538.56493506,390.710072708772,58.127341675052
"504","GOA",2003,30420,2,19,470935,390,0
"505","GOA",2003,30420,2,20,3652904.83571429,443.323865988555,16.4140765571203
"506","GOA",2003,30420,2,22,1606520.82142857,419.874748410957,19.5577638032081
"507","GOA",2003,30420,2,24,514194.5,440,0
"508","GOA",2003,30420,2,25,439244.285714286,430,0
"509","GOA",2003,30420,2,26,1559449.2,402.729436778062,11.7360692318452
"510","GOA",2003,30420,2,27,1479946.57142857,394.83986970186,22.8423237067693
"511","GOA",2003,30420,2,28,3524036.02922078,378.076606510733,22.7599394585033
"512","GOA",2003,30420,2,29,439244.285714286,430,0
"513","GOA",2003,30420,2,33,1342116.65,413.340159739468,4.71645314929528
"514","GOA",2003,30420,2,37,257443.625,350,0
"515","GOA",2003,30420,2,39,257443.625,350,0
"516","GOA",2003,30420,2,40,893828.25,410,0
"517","GOA",2003,30420,2,-9,936600,469.493999572923,33.8812599856698
"518","GOA",2005,30420,1,3,18638,160,0
"519","GOA",2005,30420,1,4,333605.75,216.810336752289,27.7555588660231
"520","GOA",2005,30420,1,5,276967.816666667,266.922876538784,15.8009224688174
"521","GOA",2005,30420,1,6,787824.390476191,272.137930520919,33.6128193027787
"522","GOA",2005,30420,1,7,1086096.55064935,300.908924334421,21.2219796992403
"523","GOA",2005,30420,1,8,2404117.54415584,316.484278747766,15.4937818652272
"524","GOA",2005,30420,1,9,6085668.67532468,338.28575169347,17.5985898109863
"525","GOA",2005,30420,1,10,14076588.4914918,358.084459019491,16.3391036661375
"526","GOA",2005,30420,1,11,11810473.3884615,365.62624416604,15.1183220207092
"527","GOA",2005,30420,1,12,8569594.01818182,380.456864105906,15.4367542482221
"528","GOA",2005,30420,1,13,2095934.91666667,390,0
"529","GOA",2005,30420,1,14,1900289,370,0
"530","GOA",2005,30420,1,15,174652.818181818,320,0
"531","GOA",2005,30420,1,16,3046079.41666667,383.76152509484,9.26557763773397
"532","GOA",2005,30420,1,17,7709696.2,393.800514214814,16.6410187913429
"533","GOA",2005,30420,1,18,6785535,395.206711163281,12.8172580486022
"534","GOA",2005,30420,1,19,561457.7,350,0
"535","GOA",2005,30420,1,20,7843790.58764569,389.45816161667,25.5786987227083
"536","GOA",2005,30420,1,21,11191254.7457265,391.100963194262,16.1097015029666
"537","GOA",2005,30420,1,22,1846823.63636364,410,0
"538","GOA",2005,30420,1,23,2095934.91666667,390,0
"539","GOA",2005,30420,1,24,2095934.91666667,390,0
"540","GOA",2005,30420,1,25,3942758.5530303,399.368180229775,9.98002022933476
"541","GOA",2005,30420,1,26,5920772.13636364,403.119227684884,4.6327848534853
"542","GOA",2005,30420,1,28,5339493.4949495,416.164802799288,9.2353268719475
"543","GOA",2005,30420,1,29,10054119.469697,405.794835212164,14.3553453874499
"544","GOA",2005,30420,1,30,7132266.80050505,409.719873031441,19.3943489781393
"545","GOA",2005,30420,1,31,5000201.94444444,415.335463117684,23.6621319944134
"546","GOA",2005,30420,1,32,4674456.0487568,405.390533654154,24.2656138740058
"547","GOA",2005,30420,1,33,1917682.88461538,364.954648694122,4.99979432167197
"548","GOA",2005,30420,1,34,8790244.30128205,394.256912039341,18.2996255862341
"549","GOA",2005,30420,1,35,2847065.13636364,420.53971144416,14.3215161906353
"550","GOA",2005,30420,1,36,2897264.94444444,422.840344693671,4.50953311972284
"551","GOA",2005,30420,1,37,1037170.91666667,420,0
"552","GOA",2005,30420,1,39,822923.111111111,430,0
"553","GOA",2005,30420,1,44,2810238.52777778,406.023252652525,26.0611992542288
"554","GOA",2005,30420,1,45,3987360.25,402.88544908878,24.6475001739284
"555","GOA",2005,30420,1,-9,360978,415.717855381768,116.849556615773
"556","GOA",2005,30420,2,3,36051.5,161.596743547425,8.79133592891419
"557","GOA",2005,30420,2,4,101123,204.729883409313,10.95631818877
"558","GOA",2005,30420,2,5,285054.916666667,250.656499230119,23.5268762591427
"559","GOA",2005,30420,2,6,4938275.21969697,287.703478712278,8.83962620703859
"560","GOA",2005,30420,2,7,13689995.4949495,293.302729862923,7.54270850980562
"561","GOA",2005,30420,2,8,18307868.4949495,303.578174252218,18.6520787185704
"562","GOA",2005,30420,2,9,12527310.5681818,316.034378905586,28.7266044924235
"563","GOA",2005,30420,2,10,10296822.6792929,346.199509211111,16.4147843306837
"564","GOA",2005,30420,2,11,6761200.37626263,366.208191356033,36.6770759445314
"565","GOA",2005,30420,2,12,4704627.77056277,369.389307487755,15.0642829646486
"566","GOA",2005,30420,2,13,2315125.45238095,371.414150815997,22.4536154206071
"567","GOA",2005,30420,2,14,6430463.15476191,381.783192558864,8.85376051331439
"568","GOA",2005,30420,2,15,4562759.17424242,385.059377490472,29.4522447610023
"569","GOA",2005,30420,2,16,4808541.71228771,408.512633680865,11.8190261291324
"570","GOA",2005,30420,2,17,5097966.93956044,397.498824243105,34.3428681737453
"571","GOA",2005,30420,2,18,5419423.8,404.818863584723,30.5413745344221
"572","GOA",2005,30420,2,19,2664534.6,440,0
"573","GOA",2005,30420,2,20,7603093.73198468,406.156651979488,24.661328230873
"574","GOA",2005,30420,2,21,7317439.24067599,401.320355974738,18.6556837920331
"575","GOA",2005,30420,2,22,5570826.92907093,399.879517945204,16.7685563790178
"576","GOA",2005,30420,2,23,2873683.28571429,384.372208628419,4.96043123062255
"577","GOA",2005,30420,2,24,2556448.06293706,397.451293523726,18.560124590727
"578","GOA",2005,30420,2,25,4524719.14725275,407.523644680472,16.7384891580658
"579","GOA",2005,30420,2,26,4140375,405.870318509797,40.5619275269981
"580","GOA",2005,30420,2,27,8645823.18181818,429.665719363912,21.6798929881465
"581","GOA",2005,30420,2,28,9567861.6993007,425.359798884351,10.8278279482364
"582","GOA",2005,30420,2,29,4222035.55384615,426.018924316824,15.3936807517189
"583","GOA",2005,30420,2,30,8163050.81998002,416.394491416106,17.4323913407249
"584","GOA",2005,30420,2,31,4218092,436.316919118881,4.82345561131355
"585","GOA",2005,30420,2,32,11189568.9547619,423.887569220317,26.3158774839431
"586","GOA",2005,30420,2,33,5361434.06153846,416.610314139431,32.1893575313375
"587","GOA",2005,30420,2,34,9736264.74965035,416.744900964085,17.2031416328425
"588","GOA",2005,30420,2,35,8005808.28571429,419.233589869698,26.8172261377282
"589","GOA",2005,30420,2,36,6697739.78461539,406.958574608565,12.6623646162142
"590","GOA",2005,30420,2,37,3508890.30769231,410,0
"591","GOA",2005,30420,2,38,2041557.15384615,417.031691458138,17.3821715600914
"592","GOA",2005,30420,2,39,3508890.30769231,410,0
"593","GOA",2005,30420,2,40,4460805.27272727,417.221295429374,34.0369020175053
"594","GOA",2005,30420,2,41,1754445.15384615,410,0
"595","GOA",2005,30420,2,43,1617249,380,0
"596","GOA",2005,30420,2,44,2467590.4,437.408304068617,9.65831829042905
"597","GOA",2005,30420,2,49,1714727.46153846,400,0
"598","GOA",2005,30420,2,50,287112,460,0
"599","GOA",2005,30420,2,52,1617249,380,0
"600","GOA",2005,30420,2,67,2664534.6,440,0
"601","GOA",2005,30420,2,-9,24362,230,0
"602","GOA",2007,30420,1,5,161883.666666667,250,0
"603","GOA",2007,30420,1,6,1153305.53333333,264.735085811028,11.1709448057838
"604","GOA",2007,30420,1,7,647642.1,312.173243009784,13.1338563923381
"605","GOA",2007,30420,1,8,5134779.71184211,324.393775157103,21.2746421506559
"606","GOA",2007,30420,1,9,14650893.8950558,342.299314878906,13.8809689074704
"607","GOA",2007,30420,1,10,8448588.70104238,352.54646255211,17.2712942200507
"608","GOA",2007,30420,1,11,10233911.7227728,353.669377477473,14.6349192626331
"609","GOA",2007,30420,1,12,8085730.01436989,367.915322701541,13.0315937531915
"610","GOA",2007,30420,1,13,14496886.5473785,372.533154563081,15.7581349778424
"611","GOA",2007,30420,1,14,5192020.73274411,369.446027674442,18.8709719796419
"612","GOA",2007,30420,1,15,2973171.89941077,379.426414835244,12.7322838051749
"613","GOA",2007,30420,1,16,5483555.3966219,391.439196503685,8.16892451588396
"614","GOA",2007,30420,1,17,2455768.98824786,399.554326124089,20.0965430835657
"615","GOA",2007,30420,1,18,2354355.21759259,384.532436848465,8.91386651317592
"616","GOA",2007,30420,1,19,3107518.81827432,387.646089106122,8.18129030938828
"617","GOA",2007,30420,1,20,5669513.43354112,392.281116177268,18.8775342692186
"618","GOA",2007,30420,1,21,3616218.43019943,398.461737668793,11.8622949724578
"619","GOA",2007,30420,1,22,4793737.22863248,403.1815303362,16.2811039231588
"620","GOA",2007,30420,1,23,7914808.19015244,392.090716616587,19.1698865043708
"621","GOA",2007,30420,1,24,2127434.20138889,415.538526594658,7.80299921205461
"622","GOA",2007,30420,1,25,1436111.30681818,394.146153760635,29.712108794112
"623","GOA",2007,30420,1,26,1742615.3125,412.345023078638,4.23687355806728
"624","GOA",2007,30420,1,27,4081823.56000712,404.644038596655,15.0109632501768
"625","GOA",2007,30420,1,28,4150107.93696581,408.327566340825,10.4378632617826
"626","GOA",2007,30420,1,29,4096496.81481481,403.526629718144,12.7559283010847
"627","GOA",2007,30420,1,30,2496595.77065527,402.672715562848,13.817519914842
"628","GOA",2007,30420,1,31,2890815.79927249,399.974901944344,18.1882213507606
"629","GOA",2007,30420,1,32,2315813.16435185,407.70084718472,15.0522718327161
"630","GOA",2007,30420,1,33,1265714.88888889,421.150803314139,12.2219931849288
"631","GOA",2007,30420,1,34,2911885.77843915,387.598806545504,14.1381278730695
"632","GOA",2007,30420,1,35,1265010.80769231,418.256429004057,22.6248683975726
"633","GOA",2007,30420,1,36,2728200.6039886,391.144481362193,19.6375082030223
"634","GOA",2007,30420,1,37,880896,417.285037053182,12.8638775930601
"635","GOA",2007,30420,1,38,1615699.77065527,394.705928796313,4.99134472133258
"636","GOA",2007,30420,1,40,1506246.33150183,390.095783030843,9.99954127002829
"637","GOA",2007,30420,1,44,760336.807692308,400,7.75921265268316e-06
"638","GOA",2007,30420,1,47,1615699.77065527,394.705928796313,4.99134472133258
"639","GOA",2007,30420,1,50,445516.833333333,350,0
"640","GOA",2007,30420,1,51,408647.3125,420,0
"641","GOA",2007,30420,1,-9,1018538,339.788166960879,104.981334076639
"642","GOA",2007,30420,2,2,34413,120,0
"643","GOA",2007,30420,2,4,5572,220,0
"644","GOA",2007,30420,2,5,51847,240,0
"645","GOA",2007,30420,2,6,582195.5,277.14525447208,18.981199775206
"646","GOA",2007,30420,2,7,291422,288.308501074044,14.6175555309842
"647","GOA",2007,30420,2,8,2223568.71742424,328.016986774598,21.5747952747284
"648","GOA",2007,30420,2,9,8656327.15939394,335.594073477246,15.6909224684636
"649","GOA",2007,30420,2,10,6339530.14060606,347.528161560822,16.5763738517817
"650","GOA",2007,30420,2,11,8859326.66748918,369.204420357751,21.3769267484019
"651","GOA",2007,30420,2,12,8208652.48166667,362.341365459289,18.3960418106545
"652","GOA",2007,30420,2,13,6792167.30939394,379.632684165988,16.447393693364
"653","GOA",2007,30420,2,14,2778230.15151515,381.969676869169,14.3604654405252
"654","GOA",2007,30420,2,15,1524144.76282051,380.378097539468,22.9881872125468
"655","GOA",2007,30420,2,16,1210284.53939394,377.667246358381,8.11840933378934
"656","GOA",2007,30420,2,17,2738537.97697636,400.280005283358,16.5821579387583
"657","GOA",2007,30420,2,18,290606.1,390,0
"658","GOA",2007,30420,2,19,2047210.98503496,402.121394179827,10.8783076347018
"659","GOA",2007,30420,2,20,1483321.13888112,399.126313945755,11.4348794815817
"660","GOA",2007,30420,2,21,4807339.55261738,405.439039702893,15.2787183893286
"661","GOA",2007,30420,2,22,4958474.97470363,406.483192946424,27.328989036706
"662","GOA",2007,30420,2,23,4678122.96115385,406.221776954111,23.3290353629114
"663","GOA",2007,30420,2,24,690274.033333333,413.159957583995,19.7487890278712
"664","GOA",2007,30420,2,25,1532638.85091575,410.632443218466,10.9403567539084
"665","GOA",2007,30420,2,26,1814968.41758242,401.109488483254,21.5266983918199
"666","GOA",2007,30420,2,27,2783470.27567766,410.72709628442,10.5135191272679
"667","GOA",2007,30420,2,28,3108815.73067766,408.387104311582,24.8109639224474
"668","GOA",2007,30420,2,29,3559455.31142857,422.067552866784,17.5823437939612
"669","GOA",2007,30420,2,30,6063942.99459541,415.459163337259,13.776676704078
"670","GOA",2007,30420,2,31,3367596.58948718,415.18073897404,20.1332406812328
"671","GOA",2007,30420,2,32,1727299.86688312,408.058822975499,24.1277750040899
"672","GOA",2007,30420,2,33,1338390.66758242,417.946667570163,10.1346722243684
"673","GOA",2007,30420,2,34,2096528.6970696,410.462339031645,9.35828102250623
"674","GOA",2007,30420,2,35,2448067.93012821,403.377691287151,21.8929609543285
"675","GOA",2007,30420,2,36,3260334.65424908,416.716881548467,15.0050500208764
"676","GOA",2007,30420,2,37,1338390.66758242,417.946667570163,10.1346722243684
"677","GOA",2007,30420,2,38,1855203.87333333,418.603131977075,24.3057469609865
"678","GOA",2007,30420,2,39,1242032.75091575,415.459943824041,4.97880022482813
"679","GOA",2007,30420,2,40,972356.453333333,412.330908031614,14.7606215338062
"680","GOA",2007,30420,2,41,928359.936666667,415.324720622638,19.4458674978416
"681","GOA",2007,30420,2,42,355671.416666667,440,0
"682","GOA",2007,30420,2,43,563889.846153846,410,0
"683","GOA",2007,30420,2,47,96357.9166666667,450,6.29196558057361e-06
"684","GOA",2007,30420,2,-9,1374357,332.551535008735,104.380177527949
"685","GOA",2011,30420,1,4,79253,207.500157722736,16.3935530154541
"686","GOA",2011,30420,1,5,18641.5,250,0
"687","GOA",2011,30420,1,6,18641.5,250,0
"688","GOA",2011,30420,1,7,39627,270,0
"689","GOA",2011,30420,1,8,95901.5,324.403007252233,13.8763605492258
"690","GOA",2011,30420,1,9,227848.944444444,338.02651659323,16.955937213928
"691","GOA",2011,30420,1,10,1102829.57539683,347.319664794586,14.685994370738
"692","GOA",2011,30420,1,11,1374645.26190476,354.571709331556,12.7271532029329
"693","GOA",2011,30420,1,12,1345196.23681516,372.525796518261,9.07644332815923
"694","GOA",2011,30420,1,13,3089300.36073113,385.585379084685,19.7139279767109
"695","GOA",2011,30420,1,14,3696990.03446789,380.565936089639,7.96679814457829
"696","GOA",2011,30420,1,15,1764978.72094214,371.396613485018,8.99546309947714
"697","GOA",2011,30420,1,16,2807515.80487588,385.622207198942,14.2470889752421
"698","GOA",2011,30420,1,17,4644658.17699974,399.319471195837,15.1727861159525
"699","GOA",2011,30420,1,18,396137.417562724,369.217797411898,12.8755148721736
"700","GOA",2011,30420,1,19,1452843.32817337,395.864287642896,4.92473419285589
"701","GOA",2011,30420,1,20,2087488.0877193,400.912755287411,24.9086378521141
"702","GOA",2011,30420,1,21,957203.2,410,5.64641716947746e-06
"703","GOA",2011,30420,1,22,4153823.64582043,405.151699185946,9.84100274704365
"704","GOA",2011,30420,1,23,1823611.59076534,409.776332833839,17.9406625929984
"705","GOA",2011,30420,1,24,2973484.89859944,404.348898014421,10.3995422945838
"706","GOA",2011,30420,1,25,1970185.92409867,406.754481243721,13.4685037773881
"707","GOA",2011,30420,1,26,2121495.78095238,406.09540810193,11.8717243074599
"708","GOA",2011,30420,1,27,4564390.79076534,413.818226519643,12.3738727332746
"709","GOA",2011,30420,1,28,2798911.20536636,403.694052805123,16.3986271185728
"710","GOA",2011,30420,1,29,1183612.00645161,404.261409856841,11.7994189460191
"711","GOA",2011,30420,1,30,2496108.21052632,420.818752037909,19.4108037631535
"712","GOA",2011,30420,1,31,1039265.64444444,406.05190237534,13.4839684951863
"713","GOA",2011,30420,1,32,2594204.86666667,419.182834262408,8.05953353254961
"714","GOA",2011,30420,1,33,1848991.2,414.82310570218,4.99686986096393
"715","GOA",2011,30420,1,34,4004564.03729913,399.90161085316,12.8692640868214
"716","GOA",2011,30420,1,35,2242690.50505105,399.478828864272,12.8800922865955
"717","GOA",2011,30420,1,36,3488444.45227205,399.723462349052,8.3992807752722
"718","GOA",2011,30420,1,37,3890780.19484004,416.113966031256,20.6244829734581
"719","GOA",2011,30420,1,38,3485992.86666667,419.391881907274,6.96176109349708
"720","GOA",2011,30420,1,39,1490427.33333333,430,6.39933177780233e-06
"721","GOA",2011,30420,1,40,1003466,440,0
"722","GOA",2011,30420,1,41,1848991.2,414.82310570218,4.99686986096393
"723","GOA",2011,30420,1,42,2945485.53869969,401.975455561748,12.5698697980683
"724","GOA",2011,30420,1,44,226408.806451613,380,0
"725","GOA",2011,30420,1,45,957203.2,410,5.64641716947746e-06
"726","GOA",2011,30420,1,46,226408.806451613,380,0
"727","GOA",2011,30420,1,52,82062.4444444444,360,0
"728","GOA",2011,30420,1,57,957203.2,410,5.64641716947746e-06
"729","GOA",2011,30420,1,-9,329513,399.709025137096,107.247399878892
"730","GOA",2011,30420,2,4,138195,228.566301241,3.50449646289461
"731","GOA",2011,30420,2,8,201676.125,390,0
"732","GOA",2011,30420,2,9,261751.964285714,333.000307679503,23.5550080313234
"733","GOA",2011,30420,2,10,1226691.51311189,340.644939227847,7.71924231829963
"734","GOA",2011,30420,2,11,1603618.26764486,355.561269896451,22.3882290147616
"735","GOA",2011,30420,2,12,2173547.19927572,374.004839644342,18.0385067278813
"736","GOA",2011,30420,2,13,3174069.50503247,388.644385442379,17.3682072681216
"737","GOA",2011,30420,2,14,2424074.52938312,380.023333678735,16.1336321359483
"738","GOA",2011,30420,2,15,1479790.77840909,414.485655003356,20.2545393987711
"739","GOA",2011,30420,2,16,1726831.38798701,406.809131968668,19.1788673883162
"740","GOA",2011,30420,2,17,4598031.99415585,408.080845730308,18.4161068597669
"741","GOA",2011,30420,2,18,2205099.25882035,411.639782388075,25.1853460071326
"742","GOA",2011,30420,2,19,1104378.7,416.528664488006,14.9219028573144
"743","GOA",2011,30420,2,20,1570024.10984849,424.287888915236,20.6125138516384
"744","GOA",2011,30420,2,21,2480149.95454545,424.720001076181,8.81598490475262
"745","GOA",2011,30420,2,22,349662.814285714,388.365338248109,18.1664833139149
"746","GOA",2011,30420,2,23,1461158.90681818,412.465271437195,11.6331366512762
"747","GOA",2011,30420,2,24,3164740.86060606,423.649348841702,15.5013058287879
"748","GOA",2011,30420,2,25,2876078.93484849,418.90411082445,19.8496376070493
"749","GOA",2011,30420,2,26,163888.5625,370,0
"750","GOA",2011,30420,2,27,2722105.35151515,429.183548087154,20.8074131861975
"751","GOA",2011,30420,2,28,2506496.725,441.876254762179,24.675898226067
"752","GOA",2011,30420,2,29,1610141.29090909,417.619048078796,12.4626822667569
"753","GOA",2011,30420,2,30,1677008.54545455,428.414903724131,21.4709580004396
"754","GOA",2011,30420,2,31,2576848.66060606,433.986996188384,18.3284462089844
"755","GOA",2011,30420,2,32,833142.318181818,416.07054256964,4.88404940665345
"756","GOA",2011,30420,2,33,1990441.29166667,444.288745140289,24.1672879545986
"757","GOA",2011,30420,2,34,702446.285714286,438.821465555882,35.2952182926918
"758","GOA",2011,30420,2,35,5906010.925,425.484784609632,19.3560244055604
"759","GOA",2011,30420,2,36,2075786.70075758,423.243150644917,18.0206431894878
"760","GOA",2011,30420,2,37,1586862.50909091,414.811806803953,7.49772536397279
"761","GOA",2011,30420,2,38,2609974.83333333,439.295188606225,11.193079489146
"762","GOA",2011,30420,2,39,1110542.99393939,427.044500546099,22.4254994168899
"763","GOA",2011,30420,2,40,1990214.75909091,409.783254957864,12.0126543513337
"764","GOA",2011,30420,2,41,2890642.01893939,431.008975550104,14.7160453774224
"765","GOA",2011,30420,2,42,1441605.81818182,421.949796325613,7.81760930936672
"766","GOA",2011,30420,2,43,2230933.37878788,431.459215096972,18.1620303762366
"767","GOA",2011,30420,2,44,1011525.18181818,420,0
"768","GOA",2011,30420,2,47,505762.590909091,420,0
"769","GOA",2011,30420,2,50,327379.727272727,410,0
"770","GOA",2011,30420,2,52,327379.727272727,410,0
"771","GOA",2011,30420,2,53,608463.5,430,0
"772","GOA",2011,30420,2,54,608463.5,430,0
"773","GOA",2011,30420,2,-9,1468671,450.952173767985,80.0140240002284
"774","GOA",2009,30420,1,4,10506,170,0
"775","GOA",2009,30420,1,5,226943,226.691195586557,21.5847313073479
"776","GOA",2009,30420,1,7,344572.333333333,277.181743165683,14.6657173790387
"777","GOA",2009,30420,1,8,440192.907977208,318.828961744496,17.8848488325195
"778","GOA",2009,30420,1,9,1055306.97877493,331.459968427537,13.3184011549718
"779","GOA",2009,30420,1,10,2449889.89825551,358.890419199354,18.6699600974639
"780","GOA",2009,30420,1,11,3571017.97936065,353.671000962508,15.0883926361082
"781","GOA",2009,30420,1,12,2394571.72918049,366.730376012881,10.3492459735223
"782","GOA",2009,30420,1,13,3004624.20012434,373.146359355452,14.7496704317075
"783","GOA",2009,30420,1,14,3655860.1284623,383.122728385034,11.5009395406097
"784","GOA",2009,30420,1,15,1987399.37898798,385.855886993444,16.6387296100152
"785","GOA",2009,30420,1,16,1570169.74831699,397.205146543263,19.4644729720068
"786","GOA",2009,30420,1,17,1279605.92416122,395.419890383924,18.6243139880154
"787","GOA",2009,30420,1,18,2176287.05593787,402.948056603241,9.64989375409833
"788","GOA",2009,30420,1,19,2177284.88546349,400.528874680518,14.4083046892268
"789","GOA",2009,30420,1,20,1384860.57001195,398.579421317623,15.206311880868
"790","GOA",2009,30420,1,21,1107754.49667861,399.040757155688,11.4711929381174
"791","GOA",2009,30420,1,22,307210.900735294,404.141935091654,24.985270152893
"792","GOA",2009,30420,1,23,1008913.4528709,396.545399929778,10.1745868856677
"793","GOA",2009,30420,1,24,2387063.07991338,407.641363798912,14.787553576842
"794","GOA",2009,30420,1,25,3065731.2288845,405.172487085827,20.7301403917223
"795","GOA",2009,30420,1,26,1285625.77075269,403.051439888952,11.9851473760557
"796","GOA",2009,30420,1,27,870691.019537564,399.511556366618,20.5863132182433
"797","GOA",2009,30420,1,28,933436.967494553,406.320545297375,14.9206998372743
"798","GOA",2009,30420,1,29,2109677.41870423,407.123176505547,13.3207306927035
"799","GOA",2009,30420,1,30,992624.756759259,418.021603030941,13.0439938852694
"800","GOA",2009,30420,1,31,569971.025925926,404.373569099617,4.96060322209583
"801","GOA",2009,30420,1,32,1214949.14073529,415.990144573901,14.330399410086
"802","GOA",2009,30420,1,33,1052946.79037634,412.470572444479,15.3147298360439
"803","GOA",2009,30420,1,34,527570.579166667,423.013161690791,12.8382194612514
"804","GOA",2009,30420,1,35,567035.943137255,393.188622503582,14.8902287277754
"805","GOA",2009,30420,1,36,1247748.6477783,398.878037899731,18.3263603707061
"806","GOA",2009,30420,1,37,979373.411851852,410.304147268594,16.4317830614814
"807","GOA",2009,30420,1,38,1176142.85259259,412.517668666591,11.8180730302921
"808","GOA",2009,30420,1,39,356891.06,427.282698535514,9.62373486496347
"809","GOA",2009,30420,1,40,638445.435729848,390.045972335683,9.9998943266604
"810","GOA",2009,30420,1,41,438942.426944972,386.38044585161,4.80566012643053
"811","GOA",2009,30420,1,42,226934.56,420,0
"812","GOA",2009,30420,1,43,320690.259259259,400,0
"813","GOA",2009,30420,1,44,569971.025925926,404.373569099617,4.96060322209583
"814","GOA",2009,30420,1,46,226934.56,420,0
"815","GOA",2009,30420,1,48,538114.854901961,408.38764412624,21.9197828563248
"816","GOA",2009,30420,1,49,161911.375,370,0
"817","GOA",2009,30420,1,50,158877.588235294,380,0
"818","GOA",2009,30420,1,53,270518.3925,398.383090255129,34.836112015058
"819","GOA",2009,30420,1,54,320690.259259259,400,0
"820","GOA",2009,30420,1,-9,620367,267.711016221043,110.578231036377
"821","GOA",2009,30420,2,4,22166,170,0
"822","GOA",2009,30420,2,5,18334.5,250,0
"823","GOA",2009,30420,2,6,18334.5,250,0
"824","GOA",2009,30420,2,7,280477.738095238,304.859833116371,25.2120973531782
"825","GOA",2009,30420,2,8,944582.648917749,318.043007980566,21.7984580616464
"826","GOA",2009,30420,2,9,984075.043442832,332.529058713163,18.5463247044963
"827","GOA",2009,30420,2,10,2153592.46300694,346.149275977563,22.5846946658689
"828","GOA",2009,30420,2,11,2860805.62853019,356.098148276128,14.6284208774678
"829","GOA",2009,30420,2,12,2435400.8416004,375.564339452078,23.8622353810718
"830","GOA",2009,30420,2,13,2421122.07060102,389.21464704872,20.3659946102591
"831","GOA",2009,30420,2,14,2031663.9572208,386.621736664018,13.9073606368758
"832","GOA",2009,30420,2,15,1467777.95764667,405.153183613293,22.3485481080191
"833","GOA",2009,30420,2,16,1504791.57307215,403.773565265091,27.748377685164
"834","GOA",2009,30420,2,17,593088.497608696,414.00456779621,20.2961689924593
"835","GOA",2009,30420,2,18,873406.316363636,417.639356126618,16.5341666067203
"836","GOA",2009,30420,2,19,782607.835638999,416.572460272178,22.8737771307026
"837","GOA",2009,30420,2,20,1112113.19869565,398.314505161237,12.9648150046139
"838","GOA",2009,30420,2,21,364934.754010695,403.600196263931,24.9607802261965
"839","GOA",2009,30420,2,22,592153.531862745,408.878427259034,29.7275370712496
"840","GOA",2009,30420,2,23,1477288.115,413.633613981928,8.94109881155338
"841","GOA",2009,30420,2,24,1336902.20256142,410.830860745125,23.7623598986659
"842","GOA",2009,30420,2,25,1111253.15559172,412.94831704576,25.7041677523603
"843","GOA",2009,30420,2,26,1125453.90272727,421.932571313674,10.6174123632154
"844","GOA",2009,30420,2,27,669636.158333333,436.485932989058,18.8842511501433
"845","GOA",2009,30420,2,28,351403.243478261,423.112270152266,33.9033197004381
"846","GOA",2009,30420,2,29,634649.261363636,427.956704074289,11.0049911918193
"847","GOA",2009,30420,2,30,234327.75,420,0
"848","GOA",2009,30420,2,31,486532.476363636,426.198903691235,15.6184747453605
"849","GOA",2009,30420,2,32,1026886.23431373,421.39727921767,27.6399900930917
"850","GOA",2009,30420,2,33,968541.039275362,424.672060626835,23.5930294674332
"851","GOA",2009,30420,2,34,428744.922608696,409.891565707902,22.8557639492419
"852","GOA",2009,30420,2,35,540196.711363636,434.526597808838,10.4506375405946
"853","GOA",2009,30420,2,36,676557.631666667,414.665972912842,17.1482079417256
"854","GOA",2009,30420,2,37,787823.606060606,428.048108119419,15.5442689487037
"855","GOA",2009,30420,2,38,1371020.33230567,419.472527821615,18.3913420976437
"856","GOA",2009,30420,2,39,842551.393030303,421.710209777377,19.873645581397
"857","GOA",2009,30420,2,40,298055.05,428.552420098234,16.3997839739636
"858","GOA",2009,30420,2,41,301517.982608696,413.195167132291,24.9347664580922
"859","GOA",2009,30420,2,42,369195.666666667,450.899913957098,10.6577071389723
"860","GOA",2009,30420,2,43,172250.636363636,430,0
"861","GOA",2009,30420,2,44,54686.1666666667,470,0
"862","GOA",2009,30420,2,45,289414.511363636,425.951693146002,4.90859248215267
"863","GOA",2009,30420,2,46,172250.636363636,430,0
"864","GOA",2009,30420,2,47,117163.875,420,0
"865","GOA",2009,30420,2,49,16315,480,0
"866","GOA",2009,30420,2,56,63727.3,460,0
"867","GOA",2009,30420,2,58,139875.2,440,0
"868","GOA",2009,30420,2,72,161642.782608696,390,0
"869","GOA",2009,30420,2,-9,446328,161.455700740263,51.6022604815849
"870","GOA",2013,30420,1,5,33102,230,0
"871","GOA",2013,30420,1,6,328345,266.431756232012,4.79062355984051
"872","GOA",2013,30420,1,7,659196.333333333,264.358931507002,13.2180363278301
"873","GOA",2013,30420,1,8,892107.666666667,296.980192600071,5.73561602338836
"874","GOA",2013,30420,1,9,503074,310,0
"875","GOA",2013,30420,1,10,1058837.49122807,331.485027845086,5.24359125037684
"876","GOA",2013,30420,1,11,3758494.46993345,353.359452882389,16.74534849747
"877","GOA",2013,30420,1,12,3944210.47495463,364.702469910218,15.3705707626299
"878","GOA",2013,30420,1,13,2908295.84337568,372.419994161221,9.27915133215488
"879","GOA",2013,30420,1,14,7713579.73318411,381.311030668352,19.5605361141048
"880","GOA",2013,30420,1,15,3617440.02758621,371.395158520217,8.2943505794129
"881","GOA",2013,30420,1,16,9871562.18465575,386.517128876355,12.7854875488623
"882","GOA",2013,30420,1,17,4751622.07117118,385.044166407283,20.1218058550219
"883","GOA",2013,30420,1,18,7715909.77362909,388.52104117042,17.3930013919408
"884","GOA",2013,30420,1,19,4835721.63111111,401.407421175453,6.53883563959312
"885","GOA",2013,30420,1,20,3731495.4937931,387.947360742986,4.03894350674665
"886","GOA",2013,30420,1,21,2241986.90011696,401.282295238806,13.5098834417931
"887","GOA",2013,30420,1,22,3955263.30114478,409.872392351815,12.4986709552947
"888","GOA",2013,30420,1,23,7968349.94545455,408.601227019733,12.8077628821688
"889","GOA",2013,30420,1,24,5473472.39527459,408.427920269806,16.8879370929081
"890","GOA",2013,30420,1,25,3064478.33818182,412.742107091155,12.84755921524
"891","GOA",2013,30420,1,26,2727109.94222222,401.708934044084,17.7933256011748
"892","GOA",2013,30420,1,27,6517518.22406246,405.935887714532,16.3289395876027
"893","GOA",2013,30420,1,28,3713487.51175084,407.291847970425,20.7346894021656
"894","GOA",2013,30420,1,29,5393372.55822594,402.698989625218,15.7338627439672
"895","GOA",2013,30420,1,30,2937730.01494949,407.588567486911,11.0223119254171
"896","GOA",2013,30420,1,31,4903220.47776617,408.905361633261,16.7074906230541
"897","GOA",2013,30420,1,32,352788.2,370,0
"898","GOA",2013,30420,1,33,2278687.39962963,405.258085115996,16.1318994362046
"899","GOA",2013,30420,1,34,3087126.45791246,409.622880073677,7.33459153481565
"900","GOA",2013,30420,1,35,890784.962962963,400,NA
"901","GOA",2013,30420,1,36,1772549.94272727,398.759670634684,21.1384310227684
"902","GOA",2013,30420,1,37,5958565.67383838,409.554762020826,13.696739944085
"903","GOA",2013,30420,1,38,890784.962962963,400,NA
"904","GOA",2013,30420,1,39,3229650.38314176,399.186163407484,21.1323510509889
"905","GOA",2013,30420,1,40,1293027.83333333,430,6.87046439998185e-06
"906","GOA",2013,30420,1,41,2312763.18518519,406.148395267319,4.86633212080792
"907","GOA",2013,30420,1,42,2279447.13888889,418.448947117379,11.196347801243
"908","GOA",2013,30420,1,43,741388.52,390,0
"909","GOA",2013,30420,1,45,2514195.29342273,404.977651997392,21.5118924266333
"910","GOA",2013,30420,1,46,1632173.48296296,395.457661040699,4.97901058161429
"911","GOA",2013,30420,1,47,1537298.87962963,412.616556062717,14.8094292596929
"912","GOA",2013,30420,1,50,123605,460,0
"913","GOA",2013,30420,1,51,646513.916666667,430,6.87046439998185e-06
"914","GOA",2013,30420,1,52,210955,440,0
"915","GOA",2013,30420,1,56,890784.962962963,400,NA
"916","GOA",2013,30420,1,-9,426537,324.594419710365,55.9268265164255
"917","GOA",2013,30420,2,5,20830.5,250,0
"918","GOA",2013,30420,2,6,114125.5,268.475932197449,3.5941473757666
"919","GOA",2013,30420,2,7,1079061,294.477694032126,11.0363928874917
"920","GOA",2013,30420,2,8,487674.388888889,299.657153982182,15.9886692126975
"921","GOA",2013,30420,2,9,147651.555555556,320,0
"922","GOA",2013,30420,2,10,1338407.19444444,332.290632403662,8.76089496062012
"923","GOA",2013,30420,2,11,5343468.77949821,374.299381115666,22.0630401099021
"924","GOA",2013,30420,2,12,6951321.48555556,364.343375420129,14.893216627237
"925","GOA",2013,30420,2,13,9734280.23352657,374.965317708814,15.9499476624982
"926","GOA",2013,30420,2,14,7234213.21677419,379.962730453995,16.7682247022497
"927","GOA",2013,30420,2,15,16780536.762141,382.942801734352,16.1553311293207
"928","GOA",2013,30420,2,16,17551513.5580497,393.477156891716,16.1030427728038
"929","GOA",2013,30420,2,17,12731760.2722852,397.57162123336,14.0337765102591
"930","GOA",2013,30420,2,18,19964827.1440442,399.44106370876,13.0899590356799
"931","GOA",2013,30420,2,19,7431079.70257541,396.966800973666,18.1320971585881
"932","GOA",2013,30420,2,20,10658071.0478481,400.053926311625,16.9469735139046
"933","GOA",2013,30420,2,21,2853838.65183537,405.907885165,4.91688361945126
"934","GOA",2013,30420,2,22,5017798.02035806,400.920146071816,16.8237768900039
"935","GOA",2013,30420,2,23,3628134.79910045,399.294115002928,9.97505520641049
"936","GOA",2013,30420,2,24,7527141.22272932,424.235686596588,12.8882488479037
"937","GOA",2013,30420,2,25,8623709.96330709,412.966774496471,8.87463173049053
"938","GOA",2013,30420,2,26,1686015.10344828,410,8.50891720466845e-06
"939","GOA",2013,30420,2,27,6361056.58132267,399.976529770886,20.530969393737
"940","GOA",2013,30420,2,28,8941578.15824591,414.360321982342,12.7533730085254
"941","GOA",2013,30420,2,29,8552569.27174893,423.025899629159,10.4813499925874
"942","GOA",2013,30420,2,30,3014457.8256705,418.813808645186,9.92939827329748
"943","GOA",2013,30420,2,31,9842702.06837663,416.87225837066,16.4216647869297
"944","GOA",2013,30420,2,32,468428.5,460,0
"945","GOA",2013,30420,2,33,3174103.49074004,400.83498740819,15.8787236414088
"946","GOA",2013,30420,2,34,6302245.84924695,417.856592876497,21.7570754381968
"947","GOA",2013,30420,2,35,2572302.6083871,385.444352045548,14.9890432964565
"948","GOA",2013,30420,2,36,10432471.1865181,420.140922343156,19.4478824106239
"949","GOA",2013,30420,2,37,8081891.46576712,417.954275888582,19.3649031263188
"950","GOA",2013,30420,2,38,5786994.04185115,425.993313320504,16.918521768408
"951","GOA",2013,30420,2,39,4438385.96626149,404.603494348049,17.0863113469697
"952","GOA",2013,30420,2,40,3372030.20689655,410,8.50891720466845e-06
"953","GOA",2013,30420,2,41,4635063.0353152,417.826988830836,11.1678298793306
"954","GOA",2013,30420,2,42,6825374.09037638,424.375828458963,11.0910725880642
"955","GOA",2013,30420,2,43,1942119.69565217,390,0
"956","GOA",2013,30420,2,44,1069398.38235294,420,0
"957","GOA",2013,30420,2,45,3945496.65359477,427.412529977836,11.1639860781066
"958","GOA",2013,30420,2,46,5300254.29910045,412.135971304033,20.6382378837303
"959","GOA",2013,30420,2,47,2164502.47222222,433.862595495868,4.86891271168431
"960","GOA",2013,30420,2,52,468428.5,460,0
"961","GOA",2013,30420,2,55,1167823.5483871,400,0
"962","GOA",2013,30420,2,-9,75528,244.083253892596,97.4221356239257
"963","GOA",2015,30420,1,5,3425.5,270,0
"964","GOA",2015,30420,1,7,251099,281.731229515052,4.1283829091144
"965","GOA",2015,30420,1,8,180602.916666667,306.913601893657,10.7429034762643
"966","GOA",2015,30420,1,9,90948.3333333333,319.482526709304,9.98660209447653
"967","GOA",2015,30420,1,10,779760.942810458,340.03970585949,13.8341926284844
"968","GOA",2015,30420,1,11,100635.191176471,357.5058178251,4.32676288088588
"969","GOA",2015,30420,1,12,219557.16503268,365.993391034397,6.84672234320078
"970","GOA",2015,30420,1,13,125735.441176471,356.007450283684,4.89745279976573
"971","GOA",2015,30420,1,14,545872.876609395,378.877472360027,12.4266661145411
"972","GOA",2015,30420,1,15,1555831.4999555,383.053437323901,12.492152383393
"973","GOA",2015,30420,1,16,864536.208059701,390.93675131963,14.9283349104032
"974","GOA",2015,30420,1,17,2095489.19874293,394.21433442762,16.8607153622273
"975","GOA",2015,30420,1,18,1437101.31606678,390.492899188968,10.9219534757545
"976","GOA",2015,30420,1,19,827802.977252216,396.894097143417,13.4118576061697
"977","GOA",2015,30420,1,20,660514.487720506,391.303756343156,15.8739849638076
"978","GOA",2015,30420,1,21,1853083.69261294,410.623156928095,14.1171729578947
"979","GOA",2015,30420,1,22,584363.361867601,399.766105326226,15.0587129874868
"980","GOA",2015,30420,1,23,962427.333638584,403.424731530205,10.4875544884418
"981","GOA",2015,30420,1,25,1039003.17184265,409.26708559318,19.1047105246275
"982","GOA",2015,30420,1,26,715577.226693241,401.42617148726,21.1528387548318
"983","GOA",2015,30420,1,27,865026.318216807,395.54263172625,12.5703390948529
"984","GOA",2015,30420,1,28,436173.166666667,410,0
"985","GOA",2015,30420,1,29,299199.085470085,407.79543652337,14.7372159733031
"986","GOA",2015,30420,1,30,334168.722222222,396.55533955984,24.9515714706226
"987","GOA",2015,30420,1,31,732604.472222222,405.722400002032,12.361477993189
"988","GOA",2015,30420,1,32,1259458.40993789,416.120308846304,23.4305315572389
"989","GOA",2015,30420,1,33,994414.71031746,413.272073893255,12.0896925081129
"990","GOA",2015,30420,1,34,339806.391025641,402.835931818415,9.58944684125661
"991","GOA",2015,30420,1,35,328389.297619048,420.829163600505,15.6597302825646
"992","GOA",2015,30420,1,36,177479.277777778,420,0
"993","GOA",2015,30420,1,37,1016210.80952381,417.605609063024,13.0737081977448
"994","GOA",2015,30420,1,38,161710.928571429,400,0
"995","GOA",2015,30420,1,39,379797.511904762,405.742180411862,4.94461001862286
"996","GOA",2015,30420,1,40,1054644.95730321,414.139015278206,18.2459435010346
"997","GOA",2015,30420,1,41,379797.511904762,405.742180411862,4.94461001862286
"998","GOA",2015,30420,1,44,334056.297619048,420.954175851953,15.1727025651679
"999","GOA",2015,30420,1,45,320379,430,0
"1000","GOA",2015,30420,1,46,123453.347826087,380,0
"1001","GOA",2015,30420,1,49,339190.206349206,410.464882208012,9.98918838208086
"1002","GOA",2015,30420,1,51,121719.807692308,390,NA
"1003","GOA",2015,30420,1,54,161710.928571429,400,0
"1004","GOA",2015,30420,1,-9,242929,255.953220899934,84.3397725889479
"1005","GOA",2015,30420,2,6,48889,260,0
"1006","GOA",2015,30420,2,7,44416,273.028863472623,4.59506482984006
"1007","GOA",2015,30420,2,8,111021.666666667,314.127212405987,17.052296284723
"1008","GOA",2015,30420,2,9,191419.380952381,342.079348585641,18.2402881619243
"1009","GOA",2015,30420,2,10,387168.714285714,340.760497792091,14.1790729688641
"1010","GOA",2015,30420,2,11,443954.053221289,339.532308264898,20.41191364097
"1011","GOA",2015,30420,2,12,134934.75862069,400,0
"1012","GOA",2015,30420,2,13,481519.551820728,365.491578364664,13.4702934515806
"1013","GOA",2015,30420,2,14,443822.890756303,370.824898280645,6.95649262367477
"1014","GOA",2015,30420,2,15,982186.497633536,388.384205148174,9.95907363549006
"1015","GOA",2015,30420,2,16,1897035.98174442,392.814751004449,16.2264459590432
"1016","GOA",2015,30420,2,17,1579998.18045226,399.074641139469,12.5162621569683
"1017","GOA",2015,30420,2,18,1352780.16101613,388.631317928648,21.5704207937528
"1018","GOA",2015,30420,2,19,683832.364735933,400.140165771628,14.0981454331221
"1019","GOA",2015,30420,2,20,1610850.22530238,405.393466368067,18.6951478216625
"1020","GOA",2015,30420,2,21,1493938.02967471,404.142209232822,16.7214005444726
"1021","GOA",2015,30420,2,22,535432.346855984,409.671090542603,20.1649365426971
"1022","GOA",2015,30420,2,23,410219.806878307,444.297307778994,21.4331952166908
"1023","GOA",2015,30420,2,24,701243.361017204,412.689696299322,9.38084910061747
"1024","GOA",2015,30420,2,25,243566.301470588,446.41567097158,4.79540151606185
"1025","GOA",2015,30420,2,26,296292.831932773,420.913310636618,20.6534544999039
"1026","GOA",2015,30420,2,27,317316.161220044,421.852830120332,11.9630595008733
"1027","GOA",2015,30420,2,28,778906.713040772,408.384277754787,25.8579916729221
"1028","GOA",2015,30420,2,29,568426.676470588,407.621636439528,24.8621604527623
"1029","GOA",2015,30420,2,30,1013218.90023289,410.60239959332,18.4468131518921
"1030","GOA",2015,30420,2,31,351092.058823529,425.461111115765,34.4030094741658
"1031","GOA",2015,30420,2,32,201505.102396514,428.665009017866,9.9104893460216
"1032","GOA",2015,30420,2,33,286069.117647059,423.322969047999,27.4791981161379
"1033","GOA",2015,30420,2,34,369543.958333333,426.701310342534,25.0697871604727
"1034","GOA",2015,30420,2,35,706466.089464138,415.341587969363,23.0998344023569
"1035","GOA",2015,30420,2,36,718454.560091278,430.936614334152,28.1296442981095
"1036","GOA",2015,30420,2,37,751125.422797471,411.063773908775,24.0280426252599
"1037","GOA",2015,30420,2,38,359353.150777552,400.200463679659,7.90002962815872
"1038","GOA",2015,30420,2,39,626545.75,439.97623078602,9.9999717511824
"1039","GOA",2015,30420,2,40,717027.704793028,429.249659412725,7.45940051922384
"1040","GOA",2015,30420,2,41,528720.574579832,436.850886254399,16.8966836196551
"1041","GOA",2015,30420,2,42,593581.148965142,416.778138501645,28.1590911138873
"1042","GOA",2015,30420,2,43,469621.243370145,414.016282695214,11.2283154818681
"1043","GOA",2015,30420,2,44,462866.881263617,421.180617044624,29.182470166004
"1044","GOA",2015,30420,2,46,644531.633403361,432.02625173483,18.4517628065661
"1045","GOA",2015,30420,2,47,393479.778867102,431.535057968904,8.42863267856201
"1046","GOA",2015,30420,2,48,108607.333333333,390,0
"1047","GOA",2015,30420,2,51,104672.5,430,0
"1048","GOA",2015,30420,2,52,134934.75862069,400,0
"1049","GOA",2015,30420,2,54,87302.1764705882,440,0
"1050","GOA",2015,30420,2,57,104672.5,430,0
"1051","GOA",2015,30420,2,-9,134137,368.385903963858,125.990202127814
"1052","GOA",2017,30420,2,42,613635.705882353,410,0
"1053","GOA",2017,30420,2,43,1295093.96034622,417.019279194656,17.0662241157184
"1054","GOA",2017,30420,2,44,1637082.89529379,442.217653003021,8.17159907166797
"1055","GOA",2017,30420,2,45,939852.024237473,413.779142887386,15.9730001659705
"1056","GOA",2017,30420,2,46,947876.823893974,417.153219791597,22.6278053003965
"1057","GOA",2017,30420,2,47,1420121.99579832,446.215920791632,20.7007245813039
"1058","GOA",2017,30420,2,48,1637082.89529379,442.217653003021,8.17159907166797
"1059","GOA",2017,30420,2,49,810625.925925926,430,0
"1060","GOA",2017,30420,2,53,359206.322580645,420,7.98240351917685e-06
"1061","GOA",2017,30420,2,55,768361.142857143,450,0
"1062","GOA",2017,30420,2,-9,796460,456.208522713005,80.2725003942744
"1063","GOA",2019,30420,1,3,40271,170,0
"1064","GOA",2019,30420,1,5,73436,270,0
"1065","GOA",2019,30420,1,6,101134,290,0
"1066","GOA",2019,30420,1,7,316282,300,0
"1067","GOA",2019,30420,1,8,651149,320.138478289915,9.99904114219064
"1068","GOA",2019,30420,1,9,704152.75,358.942882066427,14.472514674729
"1069","GOA",2019,30420,1,10,1687024,348.078865505174,11.1920349361636
"1070","GOA",2019,30420,1,11,1092132.82142857,361.757665922306,16.9492335921618
"1071","GOA",2019,30420,1,12,1599226,353.724276618814,4.83451443835688
"1072","GOA",2019,30420,1,13,1811339.50892857,360.722846758657,20.4111089024751
"1073","GOA",2019,30420,1,14,595596,360,0
"1074","GOA",2019,30420,1,15,242298.9375,380,0
"1075","GOA",2019,30420,1,16,1373843.375,373.527315295312,4.77820047303892
"1076","GOA",2019,30420,1,17,1408526.38392857,378.526006108651,6.79856170768206
"1077","GOA",2019,30420,1,18,1433379.98115079,394.9657124704,7.66856428234077
"1078","GOA",2019,30420,1,19,2115009.55257937,389.160901117154,11.8300800340071
"1079","GOA",2019,30420,1,20,2369252.61428571,398.185350845222,19.5682124195301
"1080","GOA",2019,30420,1,21,2162873.17956349,400.52473536697,14.3952769804543
"1081","GOA",2019,30420,1,22,1845329.3531746,399.708731200664,8.60605061632145
"1082","GOA",2019,30420,1,23,1507829.45238095,398.958377945053,12.0377826612915
"1083","GOA",2019,30420,1,24,2217935.20674603,398.711060565657,15.0640543332421
"1084","GOA",2019,30420,1,25,936346.198412698,404.812872301056,14.9988327287272
"1085","GOA",2019,30420,1,26,473465.215277778,399.529736953719,19.9944705523135
"1086","GOA",2019,30420,1,27,1036839.27777778,407.628650470685,7.91711865660728
"1087","GOA",2019,30420,1,28,1042679.82142857,400.878784316884,7.31277472985652
"1088","GOA",2019,30420,1,29,701678.777777778,396.996974240666,31.989742563083
"1089","GOA",2019,30420,1,31,681629.571428571,376.954123804572,9.52484321141823
"1090","GOA",2019,30420,1,32,1593069.54861111,409.790354544183,13.4303524132992
"1091","GOA",2019,30420,1,33,714043.932539683,396.680780962796,4.70903125441886
"1092","GOA",2019,30420,1,35,1333476.38194444,417.021284784139,22.5636693339341
"1093","GOA",2019,30420,1,36,231166.277777778,420,0
"1094","GOA",2019,30420,1,37,477037.111111111,400,0
"1095","GOA",2019,30420,1,38,1282710.11111111,402.562043333425,4.36535992696549
"1096","GOA",2019,30420,1,39,121583,460,0
"1097","GOA",2019,30420,1,40,477037.111111111,400,0
"1098","GOA",2019,30420,1,41,462332.555555556,420,0
"1099","GOA",2019,30420,1,42,501350.388888889,416.889971717496,9.50408986079349
"1100","GOA",2019,30420,1,43,736572.288888889,421.925240920006,11.0341384485855
"1101","GOA",2019,30420,1,44,943425.288888889,413.042958144622,14.0949128104012
"1102","GOA",2019,30420,1,45,468173.099206349,404.812872301056,14.9988327287272
"1103","GOA",2019,30420,1,46,501350.388888889,416.889971717496,9.50408986079349
"1104","GOA",2019,30420,1,49,892050.548611111,400.376050718788,16.8154778455665
"1105","GOA",2019,30420,1,50,657271.777777778,410,0
"1106","GOA",2019,30420,1,52,477037.111111111,400,0
"1107","GOA",2019,30420,1,54,231166.277777778,420,0
"1108","GOA",2019,30420,1,58,237006.821428571,390,0
"1109","GOA",2019,30420,1,-9,911529,300.616162513754,37.2986212980721
"1110","GOA",2019,30420,2,5,229922,250.827106583972,7.66607237367751
"1111","GOA",2019,30420,2,6,77856,260,0
"1112","GOA",2019,30420,2,7,128395,292.542856030219,6.54667951658071
"1113","GOA",2019,30420,2,8,354702.333333333,315.242546097338,4.9941136741844
"1114","GOA",2019,30420,2,9,1331242.05833333,337.111525366408,19.479030474382
"1115","GOA",2019,30420,2,10,2237077.38894558,352.117687592759,21.3252820550603
"1116","GOA",2019,30420,2,11,319160.125,370,0
"1117","GOA",2019,30420,2,12,770059.333333333,360,NA
"1118","GOA",2019,30420,2,13,730377.670454545,375.630204236647,4.9601252625429
"1119","GOA",2019,30420,2,14,319160.125,370,0
"1120","GOA",2019,30420,2,15,1047185.62152134,392.332542823281,4.22902733620836
"1121","GOA",2019,30420,2,16,1238105.89657961,385.705913355825,23.8692852963151
"1122","GOA",2019,30420,2,17,1874819.24707792,388.045119151634,12.6122991528434
"1123","GOA",2019,30420,2,18,3005697.03743775,389.307270714525,23.2306360093167
"1124","GOA",2019,30420,2,19,2566306.59810565,396.332281731432,12.5006057791554
"1125","GOA",2019,30420,2,20,1660757.41613743,392.851930132387,18.1105175589162
"1126","GOA",2019,30420,2,21,5930526.15929484,401.007295687008,12.5559388748558
"1127","GOA",2019,30420,2,22,1415814.56326531,404.824310959574,4.99691238276668
"1128","GOA",2019,30420,2,23,3246262.90018572,403.223048508069,18.9281648600428
"1129","GOA",2019,30420,2,24,2887920.82538214,412.467625311727,11.4312734115508
"1130","GOA",2019,30420,2,25,2930509.42909271,404.409330036632,17.964847752652
"1131","GOA",2019,30420,2,26,1981496.56877408,406.646364168248,16.8175737431299
"1132","GOA",2019,30420,2,27,231586.701754386,428.728365307768,16.5212061110843
"1133","GOA",2019,30420,2,28,522568.854135338,413.464660532068,4.75843805446899
"1134","GOA",2019,30420,2,29,912403.371428571,417.541743285348,13.0143922938553
"1135","GOA",2019,30420,2,30,559702.890688259,423.530411529645,4.77915366229414
"1136","GOA",2019,30420,2,31,860949.719546118,424.915421690883,19.002880743433
"1137","GOA",2019,30420,2,32,1113087.7689168,418.894022392534,17.0957099048575
"1138","GOA",2019,30420,2,33,2028495.27565667,408.556388336105,19.5127033218698
"1139","GOA",2019,30420,2,34,1818984.53823019,419.503907218596,8.36022932915846
"1140","GOA",2019,30420,2,35,1537530.72606241,414.980142299659,12.1741699503875
"1141","GOA",2019,30420,2,36,441858.684458399,413.415928720855,14.9161227597059
"1142","GOA",2019,30420,2,37,522568.854135338,413.464660532068,4.75843805446899
"1143","GOA",2019,30420,2,38,1750806.84407773,401.501027194281,12.0765100934465
"1144","GOA",2019,30420,2,39,1079996.1980666,415.200896786703,15.5838143832203
"1145","GOA",2019,30420,2,40,1956001.86920598,423.644037821424,18.9436185762837
"1146","GOA",2019,30420,2,41,1720690.25273674,406.313077283936,16.5966800573827
"1147","GOA",2019,30420,2,42,616689.188933873,434.784013895595,12.6834460130642
"1148","GOA",2019,30420,2,43,883717.368916797,413.415928720855,14.9161227597059
"1149","GOA",2019,30420,2,44,1268809.9877551,408.074884868739,3.9427253320544
"1150","GOA",2019,30420,2,45,362104.736842105,420,0
"1151","GOA",2019,30420,2,46,181052.368421053,420,0
"1152","GOA",2019,30420,2,47,539114.63956044,417.33046885936,9.63709517900354
"1153","GOA",2019,30420,2,48,181052.368421053,420,0
"1154","GOA",2019,30420,2,49,411217.545454546,380,0
"1155","GOA",2019,30420,2,51,802925.090909091,390,7.55062926993939e-06
"1156","GOA",2019,30420,2,52,543157.105263158,420,0
"1157","GOA",2019,30420,2,54,244260.530612245,400,0
"1158","GOA",2019,30420,2,56,181052.368421053,420,0
"1159","GOA",2019,30420,2,57,522568.854135338,413.464660532068,4.75843805446899
"1160","GOA",2019,30420,2,-9,136713,312.411182550306,97.1492748037989
"1161","GOA",2019,30420,3,-9,40271,140,0
"1162","GOA",2017,30420,1,4,21615,220,0
"1163","GOA",2017,30420,1,5,158946,244.56041674531,13.7111000362081
"1164","GOA",2017,30420,1,6,113511,300,0
"1165","GOA",2017,30420,1,7,329804.125,297.189487093286,14.242395931708
"1166","GOA",2017,30420,1,8,527605.458333333,306.365642856077,8.31029125354154
"1167","GOA",2017,30420,1,9,696258.616666667,331.090073882269,13.0026580818754
"1168","GOA",2017,30420,1,10,244862.541666667,317.557410186429,4.29646984608767
"1169","GOA",2017,30420,1,11,1326813.98076923,342.497313235623,8.60612600211829
"1170","GOA",2017,30420,1,12,1150622.21987179,345.901357280289,11.4873557282607
"1171","GOA",2017,30420,1,13,1057906.73141026,362.396809196925,7.36187779992941
"1172","GOA",2017,30420,1,14,331999.407239819,373.617806028629,9.32263265066567
"1173","GOA",2017,30420,1,15,1655057.24798056,390.513368018781,15.9457767075249
"1174","GOA",2017,30420,1,16,2776886.4170503,391.90658163351,8.92539072875824
"1175","GOA",2017,30420,1,17,4577689.54895343,399.285787069236,19.1346962065649
"1176","GOA",2017,30420,1,18,4128924.74942328,394.320559902939,11.5758282148557
"1177","GOA",2017,30420,1,19,1117877.75294118,374.044363095622,4.90782620994255
"1178","GOA",2017,30420,1,20,3729473.61949709,396.926057422861,12.1904682286042
"1179","GOA",2017,30420,1,21,5016993.15287736,399.512331742652,12.9951832689586
"1180","GOA",2017,30420,1,22,3772432.75459186,397.596274545668,14.4533854738704
"1181","GOA",2017,30420,1,23,1969469.68447974,409.31917106228,13.833302098823
"1182","GOA",2017,30420,1,24,1294620.61481481,403.143243228877,15.0749844917519
"1183","GOA",2017,30420,1,25,1182773.35294118,410.887701273582,24.296809949313
"1184","GOA",2017,30420,1,26,1267012.07407407,421.533639101805,9.88169778456381
"1185","GOA",2017,30420,1,27,2851636.79260954,413.91337195366,8.11646820632231
"1186","GOA",2017,30420,1,28,2767502.87012671,416.274512900408,17.1058386831065
"1187","GOA",2017,30420,1,29,2272034.32206119,404.72131137163,4.99222722323294
"1188","GOA",2017,30420,1,31,1687075.46195652,409.958856244946,22.6347524966088
"1189","GOA",2017,30420,1,32,3158988.92461874,405.327667286488,16.6769584725059
"1190","GOA",2017,30420,1,33,3232535.38443936,417.100275058586,13.6090599264189
"1191","GOA",2017,30420,1,34,1136659.51052632,405.093522868467,14.9997084462691
"1192","GOA",2017,30420,1,35,3350816.58065302,422.777483200064,8.60518946947579
"1193","GOA",2017,30420,1,36,1673008.58460039,406.666488178201,12.5739773571939
"1194","GOA",2017,30420,1,37,2183852.52461874,416.414834586107,17.2912870093727
"1195","GOA",2017,30420,1,38,1890121.44798712,406.922994686228,13.5910316388976
"1196","GOA",2017,30420,1,39,955700.410526316,434.448801996847,17.908259713655
"1197","GOA",2017,30420,1,40,2595250.94907407,429.937037791455,13.281529349944
"1198","GOA",2017,30420,1,41,1072698.14814815,410,0
"1199","GOA",2017,30420,1,42,940058.085526316,427.833236704599,9.76243498425262
"1200","GOA",2017,30420,1,43,590107.341666667,413.675005257871,33.9078793759781
"1201","GOA",2017,30420,1,44,2730895.93254057,407.964942197734,18.7575958121012
"1202","GOA",2017,30420,1,45,1476407.15960039,421.354779910306,11.586377580925
"1203","GOA",2017,30420,1,46,730663,430,0
"1204","GOA",2017,30420,1,51,226055.176470588,380,0
"1205","GOA",2017,30420,1,53,590107.341666667,413.675005257871,33.9078793759781
"1206","GOA",2017,30420,1,-9,190498,314.024976640175,86.4998570420945
"1207","GOA",2017,30420,2,3,18223,190,0
"1208","GOA",2017,30420,2,4,42158,240,0
"1209","GOA",2017,30420,2,6,120649,272.61121103366,4.39245799914972
"1210","GOA",2017,30420,2,8,833248.5,305.447918598113,20.1374230194116
"1211","GOA",2017,30420,2,9,396174.875,331.939396081087,12.0853178164819
"1212","GOA",2017,30420,2,10,161756.625,339.78748165647,8.04609134193537
"1213","GOA",2017,30420,2,11,790333.366666667,335.655108576334,26.1758453372891
"1214","GOA",2017,30420,2,12,1048090.60952381,356.184686921925,14.8675913195688
"1215","GOA",2017,30420,2,13,485221.616666667,356.624691803199,12.8905673769263
"1216","GOA",2017,30420,2,14,1209191.34877112,391.009325433416,22.2963760495886
"1217","GOA",2017,30420,2,15,405721.958333333,381.22548107915,9.92462574229732
"1218","GOA",2017,30420,2,16,1555344.48445378,393.8877122672,14.457693150415
"1219","GOA",2017,30420,2,17,1628846.44039939,393.782670309679,23.8969278950444
"1220","GOA",2017,30420,2,18,1432400.21539939,400.699800868748,20.2218441674189
"1221","GOA",2017,30420,2,19,4293406.10075038,409.227614767058,19.5385435066247
"1222","GOA",2017,30420,2,20,2089026.60210389,396.99862530912,10.3169511350773
"1223","GOA",2017,30420,2,21,3159422.3567286,407.1238912002,13.3364735720558
"1224","GOA",2017,30420,2,22,2013849.99025933,411.874931004399,10.80646289582
"1225","GOA",2017,30420,2,23,4460996.74820421,427.695385108039,20.1100659453033
"1226","GOA",2017,30420,2,24,691494.402173913,392.277562214225,13.1162909474453
"1227","GOA",2017,30420,2,25,2092603.25011535,419.953715167036,10.1229725578909
"1228","GOA",2017,30420,2,26,764519.285543608,425.301540073966,4.99089907569658
"1229","GOA",2017,30420,2,27,1038347.13425926,421.227549985168,16.5511969757642
"1230","GOA",2017,30420,2,28,1034105.64241486,436.202558590566,18.8329163350681
"1231","GOA",2017,30420,2,29,1445700.43463497,433.711924901288,15.2395214008524
"1232","GOA",2017,30420,2,30,1893952.25053911,425.413614248603,10.3036063863409
"1233","GOA",2017,30420,2,31,306817.852941176,410,0
"1234","GOA",2017,30420,2,32,3509969.16151067,422.768267979427,12.6807710050556
"1235","GOA",2017,30420,2,33,1640609.17438417,416.908894330422,14.9040911925832
"1236","GOA",2017,30420,2,34,1844731.56834079,433.476983289055,14.4325984715107
"1237","GOA",2017,30420,2,35,2658018.08450892,413.306083976264,22.7349257575538
"1238","GOA",2017,30420,2,36,3372359.15823222,419.353461527761,14.8833429964807
"1239","GOA",2017,30420,2,37,1553387.93207283,414.768111833513,31.2201710694148
"1240","GOA",2017,30420,2,38,1698264.31837896,437.981780236337,18.7223887171029
"1241","GOA",2017,30420,2,39,3407574.83124209,432.601900365713,17.5926162668757
"1242","GOA",2017,30420,2,40,1806649.72761497,433.260221221096,17.8859872588257
"1243","GOA",2017,30420,2,41,1438568.26072193,422.873161726549,13.8559468043613
