"SURVEY","SUMMARY_DEPTH","YEAR","SPECIES_CODE","LENGTH","MALES","FEMALES","UNSEXED","TOTAL"
"GOA",992,2009,30420,290,30077,26586,0,56663
"GOA",991,2009,30420,450,293373,594778,0,888151
"GOA",992,2009,30420,470,0,214623,0,214623
"GOA",991,2009,30420,130,34980,11660,11660,58300
"GOA",991,1993,30420,300,677235,719054,0,1396289
"GOA",992,1993,30420,240,10327,6931,0,17258
"GOA",991,1993,30420,440,112715,258133,0,370848
"GOA",991,1993,30420,160,15909,27129,0,43038
"GOA",992,1993,30420,440,6559,885706,0,892265
"GOA",991,1993,30420,320,1523743,2194827,0,3718571
"GOA",992,2009,30420,480,0,16315,0,16315
"GOA",991,2009,30420,470,15905,113494,0,129399
"GOA",992,1993,30420,270,78447,47050,0,125497
"GOA",991,1993,30420,150,9349,0,0,9349
"GOA",991,1993,30420,450,346579,242297,0,588877
"GOA",992,2009,30420,450,39801,1068828,0,1108629
"GOA",992,2009,30420,420,1751681,2434491,0,4186172
"GOA",991,2009,30420,370,1716840,427162,0,2144003
"GOA",991,2009,30420,220,40627,15905,0,56532
"GOA",993,2009,30420,370,7110,18159,0,25269
"GOA",992,2009,30420,280,99774,32252,0,132026
"GOA",992,2009,30420,260,9479,0,0,9479
"GOA",991,2009,30420,360,760492,388883,0,1149375
"GOA",991,2009,30420,290,31810,73878,0,105688
"GOA",991,2009,30420,300,47715,222318,0,270034
"GOA",991,2009,30420,170,10506,22166,0,32671
"GOA",991,2009,30420,90,0,112002,0,112002
"GOA",991,2009,30420,390,3874358,782154,0,4656513
"GOA",991,2009,30420,200,39225,26411,0,65636
"GOA",991,2009,30420,340,484544,484861,0,969405
"GOA",991,2009,30420,400,4603274,791452,0,5394726
"GOA",991,1993,30420,280,590801,546283,0,1137084
"GOA",993,1993,30420,320,42626,0,0,42626
"GOA",992,1993,30420,220,28663,6931,0,35594
"GOA",992,1993,30420,150,10327,0,0,10327
"GOA",991,1993,30420,190,31611,41472,0,73082
"GOA",992,2009,30420,430,550098,2385830,0,2935929
"GOA",992,2009,30420,240,21543,0,0,21543
"GOA",991,2009,30420,140,22166,22166,0,44331
"GOA",992,2009,30420,300,167635,271746,0,439381
"GOA",992,1993,30420,310,383509,363140,0,746650
"GOA",991,1993,30420,410,658818,731402,0,1390220
"GOA",992,1993,30420,290,120129,83449,0,203577
"GOA",991,1993,30420,260,445659,314767,0,760427
"GOA",992,1993,30420,230,11832,27620,0,39452
"GOA",992,1993,30420,250,16690,23334,0,40024
"GOA",992,1993,30420,260,26130,27988,0,54118
"GOA",993,1993,30420,360,51055,76610,0,127665
"GOA",993,1993,30420,380,102918,64841,0,167759
"GOA",992,1993,30420,450,0,65681,0,65681
"GOA",992,2021,30420,450,189977,1104628,0,1294605
"GOA",991,2021,30420,430,4130675,1433614,0,5564289
"GOA",992,2021,30420,460,59620,369979,0,429599
"GOA",991,2021,30420,350,247422,112499,0,359921
"GOA",992,2021,30420,350,1226180,570736,0,1796916
"GOA",991,2021,30420,240,38192,114576,0,152767
"GOA",991,2021,30420,220,38192,76384,0,114576
"GOA",991,2021,30420,210,38192,0,0,38192
"GOA",991,2021,30420,390,2619064,549231,0,3168295
"GOA",992,2021,30420,440,722613,2152004,0,2874617
"GOA",991,2021,30420,370,647501,414941,0,1062442
"GOA",991,2021,30420,410,5272055,1701476,0,6973531
"GOA",991,2021,30420,160,18810,0,0,18810
"GOA",991,2021,30420,340,226766,163302,0,390068
"GOA",992,2021,30420,360,1288552,869587,0,2158140
"GOA",991,2021,30420,260,76384,76384,0,152767
"GOA",991,2021,30420,330,124495,84217,0,208713
"GOA",993,2021,30420,370,9673,0,0,9673
"GOA",992,2021,30420,400,5164689,1864610,0,7029299
"GOA",991,2021,30420,470,0,92051,0,92051
"GOA",993,2021,30420,360,9467,0,0,9467
"GOA",991,2021,30420,290,38192,103245,0,141437
"GOA",991,2021,30420,300,190959,20754,0,211713
"GOA",991,2021,30420,380,1681251,411804,0,2093055
"GOA",992,2021,30420,310,144466,158433,0,302899
"GOA",992,2021,30420,370,1175548,1511107,0,2686655
"GOA",991,2021,30420,310,142548,157727,0,300276
"GOA",992,2021,30420,270,0,144466,0,144466
"GOA",992,2021,30420,340,382550,840948,0,1223498
"GOA",991,2021,30420,280,114576,114576,0,229151
"GOA",991,1993,30420,220,80489,122274,0,202763
"GOA",992,1993,30420,350,6283131,8793999,0,15077129
"GOA",991,1993,30420,200,34952,40162,0,75114
"GOA",993,1993,30420,350,18669,79483,0,98152
"GOA",994,1993,30420,370,7160,7160,0,14319
"GOA",992,1993,30420,190,12135,0,0,12135
"GOA",992,1993,30420,280,19651,41044,0,60695
"GOA",992,1993,30420,340,4706136,3496173,0,8202309
"GOA",992,1993,30420,300,211313,277906,0,489219
"GOA",991,1996,30420,220,116210,141727,0,257937
"GOA",993,1993,30420,370,89999,67282,0,157281
"GOA",993,1993,30420,310,0,18270,0,18270
"GOA",992,1999,30420,460,0,234168,0,234168
"GOA",992,1999,30420,280,1385027,146987,0,1532014
"GOA",992,1999,30420,430,455468,9617603,0,10073071
"GOA",992,1999,30420,340,3871993,5916186,0,9788179
"GOA",992,1999,30420,260,1380502,123878,0,1504379
"GOA",993,1999,30420,280,0,26733,0,26733
"GOA",992,2019,30420,380,1410588,1435729,0,2846317
"GOA",992,2019,30420,310,321066,74053,0,395119
"GOA",991,2019,30420,330,622212,312896,0,935108
"GOA",991,1999,30420,100,0,0,38059,38059
"GOA",991,1999,30420,460,0,100281,0,100281
"GOA",992,1999,30420,210,16387,0,0,16387
"GOA",991,1999,30420,450,0,206147,0,206147
"GOA",992,1999,30420,230,115134,69374,0,184508
"GOA",991,1999,30420,170,0,39838,0,39838
"GOA",991,1999,30420,140,0,33675,34184,67859
"GOA",992,1999,30420,380,13912198,37982779,0,51894977
"GOA",993,1999,30420,330,99800,136103,0,235903
"GOA",991,1999,30420,270,246218,110832,0,357050
"GOA",991,1999,30420,340,223443,360925,0,584368
"GOA",992,1999,30420,250,81790,36467,0,118257
"GOA",991,1999,30420,400,5459364,993788,0,6453152
"GOA",993,1999,30420,300,0,25366,0,25366
"GOA",991,1999,30420,300,68451,85042,0,153493
"GOA",991,1999,30420,250,327000,185996,0,512995
"GOA",992,1999,30420,290,158522,208375,0,366897
"GOA",991,2019,30420,260,58340,101603,0,159942
"GOA",992,2021,30420,290,14109,81325,0,95434
"GOA",992,2019,30420,270,0,17529,0,17529
"GOA",991,2019,30420,420,3217337,2471252,0,5688589
"GOA",991,2019,30420,270,73436,43121,0,116557
"GOA",991,2019,30420,350,968477,328071,0,1296547
"GOA",992,2019,30420,420,943656,4408737,0,5352394
"GOA",992,1999,30420,400,4636651,22305298,0,26941949
"GOA",993,1999,30420,390,28660,11940,0,40599
"GOA",992,2021,30420,300,198255,215044,0,413299
"GOA",992,1999,30420,370,9648048,27167564,0,36815613
"GOA",992,1999,30420,350,9736157,6033286,0,15769443
"GOA",991,1999,30420,240,255802,184182,0,439984
"GOA",991,1999,30420,210,128083,217249,0,345333
"GOA",992,1999,30420,300,318292,280782,0,599074
"GOA",991,2021,30420,270,114576,114576,0,229151
"GOA",993,1999,30420,360,221078,177548,0,398627
"GOA",992,1999,30420,240,0,105644,0,105644
"GOA",991,1999,30420,220,255598,238468,0,494066
"GOA",991,2021,30420,250,76384,114576,0,190959
"GOA",992,2021,30420,410,5146124,2503223,0,7649346
"GOA",992,2021,30420,480,15434,14109,0,29542
"GOA",991,2021,30420,400,4398426,984608,0,5383034
"GOA",991,2021,30420,320,230979,123619,0,354598
"GOA",992,2021,30420,330,208414,147496,0,355911
"GOA",992,1999,30420,270,177408,50456,0,227864
"GOA",992,1999,30420,420,2569258,8567072,0,11136330
"GOA",992,2019,30420,320,45233,505824,0,551056
"GOA",992,2019,30420,300,184744,52859,0,237603
"GOA",992,1999,30420,390,7280190,24849091,0,32129281
"GOA",991,1999,30420,330,54336,0,0,54336
"GOA",991,1999,30420,200,88838,104783,0,193621
"GOA",991,1999,30420,120,0,24599,38059,62659
"GOA",993,1999,30420,340,247396,127050,0,374447
"GOA",992,1999,30420,450,0,346219,0,346219
"GOA",991,1999,30420,280,75288,75438,0,150726
"GOA",991,1999,30420,430,183971,1289201,0,1473173
"GOA",992,1999,30420,440,105588,2417971,0,2523559
"GOA",993,1999,30420,290,12872,0,0,12872
"GOA",991,1999,30420,390,5047971,1238347,0,6286318
"GOA",993,1999,30420,410,16134,0,0,16134
"GOA",991,1999,30420,350,318322,105421,0,423743
"GOA",991,1999,30420,150,31279,16583,0,47862
"GOA",991,2001,30420,170,92337,83261,0,175598
"GOA",992,2001,30420,280,1540341,693771,0,2234113
"GOA",992,2001,30420,330,3393471,3991428,0,7384899
"GOA",993,2001,30420,290,0,14323,0,14323
"GOA",991,2001,30420,250,395820,347959,0,743780
"GOA",992,2001,30420,180,43394,71772,0,115166
"GOA",991,2001,30420,210,323371,345709,0,669080
"GOA",991,2001,30420,150,91279,52681,0,143960
"GOA",991,2019,30420,310,0,94695,0,94695
"GOA",991,2021,30420,190,57002,18810,0,75811
"GOA",991,2021,30420,360,793425,366823,0,1160247
"GOA",992,2021,30420,430,3071634,2998260,0,6069894
"GOA",992,2021,30420,390,3492068,1582016,0,5074084
"GOA",991,1996,30420,300,220141,154792,0,374933
"GOA",991,2021,30420,420,5631997,1636997,0,7268995
"GOA",993,2021,30420,400,9673,30145,0,39818
"GOA",992,2021,30420,280,0,27536,0,27536
"GOA",991,1996,30420,430,10561,201225,0,211785
"GOA",991,1996,30420,450,0,23604,0,23604
"GOA",992,1996,30420,450,0,748000,0,748000
"GOA",992,2021,30420,420,3611410,3118798,0,6730207
"GOA",991,2021,30420,450,239046,720487,0,959533
"GOA",993,1996,30420,320,10984,14110,0,25094
"GOA",993,1996,30420,330,11179,38922,0,50101
"GOA",991,1996,30420,130,90163,61080,0,151244
"GOA",991,1996,30420,410,306828,297523,0,604350
"GOA",993,1996,30420,370,74314,17079,0,91393
"GOA",991,1996,30420,270,271628,463486,0,735114
"GOA",993,1996,30420,380,34583,73238,0,107821
"GOA",993,1996,30420,410,0,29776,0,29776
"GOA",991,1996,30420,460,0,46224,0,46224
"GOA",991,1996,30420,310,267604,539732,0,807335
"GOA",991,1996,30420,240,105124,87049,9886,202058
"GOA",993,2021,30420,440,0,9673,0,9673
"GOA",992,1996,30420,470,0,7967,0,7967
"GOA",993,2021,30420,310,0,18905,0,18905
"GOA",992,2021,30420,320,483612,189357,0,672968
"GOA",991,2021,30420,440,1518059,1562020,0,3080079
"GOA",991,2021,30420,460,126943,253140,0,380083
"GOA",992,2021,30420,380,1322089,2158489,0,3480579
"GOA",992,1999,30420,90,30906,0,0,30906
"GOA",993,1999,30420,310,15322,0,0,15322
"GOA",992,1999,30420,220,0,18234,0,18234
"GOA",994,1999,30420,370,9227,0,0,9227
"GOA",994,1999,30420,330,9227,0,0,9227
"GOA",991,1999,30420,370,1429666,449064,0,1878730
"GOA",991,1999,30420,290,139890,34838,0,174728
"GOA",993,1999,30420,250,0,25366,0,25366
"GOA",993,1999,30420,270,11940,0,0,11940
"GOA",992,1999,30420,360,9311520,12495630,0,21807150
"GOA",992,1999,30420,410,4384807,18846999,0,23231806
"GOA",993,1999,30420,380,46072,96621,0,142694
"GOA",991,1999,30420,440,98929,809745,0,908674
"GOA",992,1999,30420,200,0,44500,0,44500
"GOA",991,1999,30420,470,0,21475,0,21475
"GOA",991,1999,30420,130,0,37931,53214,91144
"GOA",991,1999,30420,410,4038320,1159404,0,5197725
"GOA",991,1999,30420,360,1050841,341997,0,1392838
"GOA",991,1999,30420,420,1872896,1330344,0,3203240
"GOA",991,1999,30420,320,172522,124450,0,296973
"GOA",991,1999,30420,310,18091,0,0,18091
"GOA",991,1996,30420,160,13617,25716,0,39334
"GOA",991,1996,30420,140,0,16284,0,16284
"GOA",991,1996,30420,90,0,13617,0,13617
"GOA",993,1999,30420,320,109765,72086,0,181851
"GOA",993,1999,30420,350,94670,51953,0,146623
"GOA",992,1999,30420,310,442810,228927,0,671737
"GOA",992,1999,30420,320,3289916,4359133,0,7649050
"GOA",992,1999,30420,330,3271576,5811639,0,9083215
"GOA",991,1999,30420,260,132270,204584,0,336854
"GOA",991,1999,30420,230,474296,368964,0,843260
"GOA",991,1999,30420,180,69830,74783,0,144613
"GOA",993,1999,30420,370,180558,42878,0,223436
"GOA",991,1999,30420,160,54218,16583,0,70801
"GOA",991,1999,30420,380,3185385,595940,0,3781325
"GOA",991,1999,30420,190,137301,67529,0,204830
"GOA",993,1999,30420,400,26707,0,0,26707
"GOA",992,1996,30420,310,452238,673479,0,1125717
"GOA",992,1996,30420,360,7920929,5058363,0,12979292
"GOA",991,1996,30420,350,1162011,483802,0,1645812
"GOA",992,1996,30420,300,227776,496670,0,724446
"GOA",992,1996,30420,250,110086,8131,0,118217
"GOA",991,1996,30420,190,25716,39500,0,65217
"GOA",991,1996,30420,110,46185,32568,44645,123398
"GOA",992,1996,30420,340,1423234,1605482,0,3028716
"GOA",991,1996,30420,120,111487,95203,32935,239625
"GOA",992,1996,30420,420,842436,5135302,0,5977738
"GOA",992,1996,30420,330,1464096,826656,0,2290752
"GOA",993,1996,30420,350,64383,71346,0,135728
"GOA",991,1996,30420,200,32482,48766,9886,91134
"GOA",991,1996,30420,260,306322,345409,0,651731
"GOA",993,1996,30420,400,28811,11133,0,39944
"GOA",991,1996,30420,290,380466,189280,0,569746
"GOA",991,1996,30420,230,149013,111508,0,260521
"GOA",992,1996,30420,230,22100,0,0,22100
"GOA",991,1996,30420,320,602834,282406,0,885240
"GOA",992,1996,30420,400,3569486,6880882,0,10450368
"GOA",991,1996,30420,360,1306032,403243,0,1709274
"GOA",992,1996,30420,350,3923829,1575483,0,5499312
"GOA",991,1996,30420,180,62636,58284,0,120920
"GOA",992,1996,30420,410,1752960,8953022,0,10705982
"GOA",991,1996,30420,440,0,110938,0,110938
"GOA",991,1996,30420,280,205914,342887,0,548801
"GOA",993,1996,30420,340,45537,25322,0,70859
"GOA",991,1996,30420,100,0,0,9886,9886
"GOA",991,1996,30420,210,46185,43283,0,89468
"GOA",991,1996,30420,340,687938,393821,0,1081759
"GOA",992,1996,30420,270,147178,123035,0,270214
"GOA",991,1996,30420,370,1964182,727850,0,2692032
"GOA",993,1996,30420,290,10840,0,0,10840
"GOA",992,1996,30420,430,179223,3511236,0,3690459
"GOA",993,1996,30420,390,11778,36833,0,48611
"GOA",992,1996,30420,240,9072,33965,0,43037
"GOA",992,1996,30420,200,0,20364,0,20364
"GOA",991,1996,30420,250,177912,86258,0,264170
"GOA",992,1996,30420,260,93897,109713,0,203610
"GOA",993,1996,30420,310,12375,12213,0,24588
"GOA",992,1996,30420,370,6714243,4926076,0,11640319
"GOA",992,1996,30420,390,7039267,5811896,0,12851163
"GOA",992,1996,30420,440,11422,2146137,0,2157559
"GOA",991,1996,30420,420,143880,274771,0,418651
"GOA",991,1996,30420,150,40852,0,9433,50284
"GOA",991,1996,30420,170,41314,52951,0,94265
"GOA",991,1996,30420,400,792468,341716,0,1134185
"GOA",992,1996,30420,380,10379269,4239019,0,14618288
"GOA",992,1996,30420,290,346687,55485,0,402172
"GOA",992,1996,30420,320,673011,892542,7238,1572790
"GOA",994,1996,30420,320,0,6397,0,6397
"GOA",993,1996,30420,360,90690,71193,0,161883
"GOA",991,1996,30420,380,1434711,381781,0,1816491
"GOA",992,1996,30420,460,0,213439,0,213439
"GOA",991,1996,30420,330,545233,382730,0,927963
"GOA",992,1996,30420,280,117949,9054,0,127003
"GOA",991,2003,30420,350,2142990,1052574,0,3195564
"GOA",993,1996,30420,300,7057,0,0,7057
"GOA",991,1996,30420,390,1140175,478641,0,1618816
"GOA",992,1987,30420,320,12005323,9459729,0,21465053
"GOA",992,1987,30420,310,12819083,4868838,0,17687921
"GOA",991,1987,30420,210,1392652,595102,40526,2028279
"GOA",991,1987,30420,290,4287195,2540394,0,6827589
"GOA",991,1987,30420,320,5836797,5097256,0,10934053
"GOA",991,1987,30420,340,3770455,3936191,0,7706646
"GOA",992,1987,30420,410,147768,355886,0,503654
"GOA",991,1987,30420,420,14463,65396,0,79859
"GOA",991,1987,30420,440,0,14463,0,14463
"GOA",991,1990,30420,350,1845257,1472199,0,3317456
"GOA",991,1990,30420,430,35531,0,0,35531
"GOA",991,1990,30420,260,2292607,1971715,0,4264322
"GOA",991,1990,30420,170,26722,0,0,26722
"GOA",992,1990,30420,410,1070757,2924220,0,3994977
"GOA",991,1990,30420,370,621290,661907,0,1283198
"GOA",992,1987,30420,370,1107932,5455894,0,6563826
"GOA",991,1987,30420,270,1950487,1224644,0,3175131
"GOA",992,1987,30420,290,1629318,1688434,0,3317751
"GOA",991,1987,30420,380,285507,534920,0,820427
"GOA",991,1987,30420,400,71461,123249,0,194710
"GOA",991,1987,30420,140,194303,147353,0,341656
"GOA",992,1987,30420,230,141134,77236,0,218369
"GOA",992,1987,30420,210,78149,69722,0,147871
"GOA",992,1987,30420,170,17727,10418,0,28145
"GOA",992,1990,30420,250,64706,121799,0,186505
"GOA",993,1990,30420,330,30454,61630,0,92084
"GOA",991,1990,30420,410,53297,80420,0,133717
"GOA",992,1990,30420,420,501658,2068180,0,2569838
"GOA",991,1990,30420,330,1188790,827053,0,2015843
"GOA",991,1990,30420,340,951073,401826,0,1352899
"GOA",991,1990,30420,230,461695,291914,0,753609
"GOA",993,1990,30420,290,7613,7613,0,15227
"GOA",992,1990,30420,170,4111,0,0,4111
"GOA",992,1987,30420,330,8484332,11116645,0,19600977
"GOA",993,1990,30420,300,15227,7613,0,22840
"GOA",991,1990,30420,250,658342,864797,0,1523139
"GOA",991,1990,30420,300,428407,123142,0,551549
"GOA",991,1987,30420,180,728333,157211,81051,966595
"GOA",991,1990,30420,190,73490,0,0,73490
"GOA",992,1990,30420,380,6415971,4371595,0,10787566
"GOA",992,2003,30420,460,0,105194,0,105194
"GOA",991,1987,30420,160,643463,217108,0,860571
"GOA",991,1987,30420,220,1273101,820054,0,2093155
"GOA",991,1987,30420,250,2148126,857870,0,3005996
"GOA",992,1987,30420,220,102007,109403,0,211410
"GOA",991,1987,30420,300,5528969,3682412,0,9211381
"GOA",992,1990,30420,450,56326,684438,0,740764
"GOA",991,1990,30420,240,1046940,679902,0,1726842
"GOA",991,1990,30420,220,132619,125943,0,258562
"GOA",993,1990,30420,310,65651,7613,0,73265
"GOA",992,1990,30420,310,1536486,856507,0,2392993
"GOA",992,1990,30420,390,3825127,5431464,0,9256591
"GOA",992,1990,30420,300,716903,647253,0,1364156
"GOA",992,1987,30420,380,715445,3660965,0,4376410
"GOA",992,1987,30420,190,37209,29904,0,67113
"GOA",992,1987,30420,390,96086,2086770,0,2182857
"GOA",992,1990,30420,350,12244367,5274604,0,17518972
"GOA",992,1990,30420,360,9840920,6578366,0,16419286
"GOA",991,1990,30420,320,559124,395181,0,954305
"GOA",991,1990,30420,450,0,53297,0,53297
"GOA",993,1990,30420,340,158457,50424,0,208881
"GOA",993,1990,30420,370,0,7613,0,7613
"GOA",993,1990,30420,380,0,18819,0,18819
"GOA",991,1990,30420,200,26722,37306,0,64028
"GOA",992,1990,30420,440,0,816017,0,816017
"GOA",991,1990,30420,420,53297,0,0,53297
"GOA",991,1990,30420,150,49634,40328,0,89962
"GOA",991,1990,30420,390,17766,80184,0,97950
"GOA",992,1990,30420,200,35805,0,0,35805
"GOA",992,1990,30420,110,0,0,10279,10279
"GOA",992,1990,30420,340,10766059,6730915,0,17496974
"GOA",992,1987,30420,140,15629,0,0,15629
"GOA",992,1987,30420,300,5232661,2111597,0,7344258
"GOA",991,2005,30420,330,1658450,2410574,0,4069024
"GOA",991,1987,30420,200,1024749,566297,202628,1793675
"GOA",991,1990,30420,270,2166556,1162096,0,3328653
"GOA",991,1990,30420,380,143709,384818,0,528526
"GOA",992,1990,30420,230,44886,31383,0,76269
"GOA",992,1990,30420,270,255625,100384,0,356010
"GOA",992,1990,30420,260,51167,195597,0,246764
"GOA",991,1990,30420,290,1322749,392380,0,1715129
"GOA",992,1990,30420,320,2548870,2153986,0,4702856
"GOA",992,1990,30420,190,10279,0,0,10279
"GOA",992,1987,30420,350,6897907,8963465,0,15861372
"GOA",991,1987,30420,170,796709,205567,81051,1083328
"GOA",991,1987,30420,240,1757974,927628,0,2685602
"GOA",991,1987,30420,350,2036231,2187895,0,4224125
"GOA",991,1987,30420,310,5917954,3711576,0,9629530
"GOA",991,1987,30420,280,2589058,1605570,0,4194628
"GOA",992,1987,30420,280,368620,648654,0,1017274
"GOA",992,1987,30420,250,221205,269380,0,490584
"GOA",992,1987,30420,260,323068,392546,0,715614
"GOA",991,1987,30420,120,92318,4769,0,97088
"GOA",991,1987,30420,260,1653758,1119676,0,2773434
"GOA",991,1987,30420,390,357301,278147,0,635448
"GOA",992,1987,30420,150,5211,0,0,5211
"GOA",991,1990,30420,400,20046,0,0,20046
"GOA",991,1990,30420,280,847178,1015285,0,1862464
"GOA",992,1990,30420,220,234797,24756,0,259554
"GOA",993,1990,30420,320,91654,42811,0,134465
"GOA",993,1990,30420,270,7613,0,0,7613
"GOA",991,1990,30420,310,369468,555721,0,925190
"GOA",993,1990,30420,360,52865,7613,0,60478
"GOA",992,1990,30420,240,49031,11935,0,60966
"GOA",993,1990,30420,280,7613,0,0,7613
"GOA",992,1990,30420,210,0,23870,0,23870
"GOA",992,1987,30420,400,46533,1019076,0,1065608
"GOA",991,1987,30420,360,802348,2064446,0,2866794
"GOA",991,1987,30420,110,51967,0,0,51967
"GOA",991,1987,30420,100,51967,51967,0,103935
"GOA",991,2005,30420,370,8643640,4328077,0,12971717
"GOA",991,2005,30420,440,2668049,7196567,0,9864616
"GOA",993,2005,30420,360,83267,189964,0,273231
"GOA",991,2005,30420,220,75081,39196,0,114277
"GOA",992,1990,30420,370,9045961,5077006,0,14122967
"GOA",993,1990,30420,350,132162,109322,0,241484
"GOA",992,1990,30420,330,8208607,3330510,0,11539116
"GOA",991,1990,30420,360,487849,967675,0,1455524
"GOA",992,1990,30420,280,392902,253578,0,646479
"GOA",992,1990,30420,400,785195,3664010,0,4449205
"GOA",992,1990,30420,290,466933,402528,0,869461
"GOA",991,2003,30420,140,16745,0,0,16745
"GOA",991,2003,30420,450,0,1046713,0,1046713
"GOA",991,2003,30420,170,15116,0,0,15116
"GOA",992,1987,30420,430,0,55597,0,55597
"GOA",991,1987,30420,130,100437,14308,40526,155271
"GOA",992,1987,30420,200,38464,27858,0,66322
"GOA",992,1990,30420,100,0,0,10279,10279
"GOA",992,2003,30420,320,356237,482287,0,838523
"GOA",992,2003,30420,410,1134906,1521771,0,2656677
"GOA",992,2003,30420,240,8408,67470,0,75878
"GOA",992,2003,30420,370,1384539,1138636,0,2523176
"GOA",992,1990,30420,430,168977,834829,0,1003807
"GOA",992,2003,30420,340,792026,874354,0,1666381
"GOA",991,2003,30420,380,2565073,1753703,0,4318776
"GOA",991,2003,30420,440,0,547049,0,547049
"GOA",991,1987,30420,430,0,3771,0,3771
"GOA",991,1987,30420,150,436022,333056,40526,809604
"GOA",993,2003,30420,350,37331,8759,0,46090
"GOA",991,1990,30420,440,17766,17766,0,35531
"GOA",992,1990,30420,460,0,168977,0,168977
"GOA",991,1990,30420,210,155531,22912,0,178442
"GOA",992,2003,30420,310,294445,350191,0,644635
"GOA",992,2003,30420,380,1740275,1888755,0,3629031
"GOA",993,2003,30420,310,34386,58818,0,93204
"GOA",992,2003,30420,350,816362,998216,0,1814577
"GOA",992,2003,30420,360,924661,857210,0,1781870
"GOA",991,1987,30420,370,720430,640905,0,1361335
"GOA",992,1987,30420,440,0,26801,0,26801
"GOA",992,1987,30420,180,19486,10418,0,29904
"GOA",991,1987,30420,410,19233,72316,0,91549
"GOA",992,1987,30420,420,0,65600,0,65600
"GOA",992,2003,30420,400,1390271,1676161,0,3066433
"GOA",992,2003,30420,250,24143,48343,0,72485
"GOA",992,1993,30420,370,8175761,5141735,0,13317496
"GOA",992,1993,30420,320,1444105,1132613,0,2576718
"GOA",992,1993,30420,420,21434,3183503,0,3204937
"GOA",991,1993,30420,370,1773753,3740435,0,5514188
"GOA",992,2003,30420,420,492703,1343849,0,1836552
"GOA",992,1987,30420,160,5211,10418,0,15629
"GOA",992,1987,30420,360,3131355,9651210,0,12782564
"GOA",992,1987,30420,270,156534,687109,0,843644
"GOA",992,1987,30420,240,158800,186174,0,344974
"GOA",991,1987,30420,190,740876,340424,0,1081301
"GOA",991,1993,30420,430,10084,782899,0,792983
"GOA",991,1993,30420,250,274113,697173,0,971286
"GOA",992,1993,30420,430,196673,906154,0,1102827
"GOA",991,1993,30420,210,55340,44519,0,99859
"GOA",991,1993,30420,270,358128,570656,0,928784
"GOA",991,1993,30420,380,974896,3398734,0,4373630
"GOA",991,1987,30420,230,1485723,990920,0,2476643
"GOA",991,1987,30420,330,5228631,5418545,0,10647177
"GOA",992,1987,30420,340,9794144,10719546,0,20513691
"GOA",991,2003,30420,360,1909982,2516064,0,4426046
"GOA",991,2003,30420,190,29789,13247,0,43037
"GOA",991,2005,30420,400,10501063,8407412,0,18908475
"GOA",993,2003,30420,380,25683,0,0,25683
"GOA",992,2005,30420,280,58943,67254,0,126197
"GOA",991,2003,30420,320,1114483,1165290,0,2279773
"GOA",991,2003,30420,410,889730,2042770,0,2932500
"GOA",991,2003,30420,470,0,532583,0,532583
"GOA",991,2003,30420,310,261640,664158,0,925799
"GOA",991,2003,30420,390,2893431,905415,0,3798847
"GOA",993,2003,30420,300,23117,0,0,23117
"GOA",991,2003,30420,480,0,256279,0,256279
"GOA",992,2003,30420,130,0,0,11465,11465
"GOA",993,2003,30420,330,19739,10981,0,30720
"GOA",991,2003,30420,240,137246,251539,0,388785
"GOA",992,2003,30420,210,0,9969,0,9969
"GOA",992,2003,30420,450,36388,300084,0,336472
"GOA",993,2003,30420,360,33769,33546,0,67315
"GOA",991,2003,30420,340,2300664,2057318,0,4357982
"GOA",992,2003,30420,390,1864985,1920194,0,3785180
"GOA",992,2003,30420,430,208329,880471,0,1088800
"GOA",991,2003,30420,250,415220,71776,0,486996
"GOA",993,2003,30420,320,17404,43081,0,60486
"GOA",991,2003,30420,260,1217032,171928,0,1388960
"GOA",991,2003,30420,400,1950221,1524968,0,3475189
"GOA",993,2003,30420,370,21753,12841,0,34594
"GOA",991,2003,30420,230,122529,178166,0,300695
"GOA",992,2003,30420,300,98528,130364,0,228892
"GOA",991,2003,30420,460,0,1281395,0,1281395
"GOA",993,2003,30420,390,21600,0,0,21600
"GOA",992,2003,30420,260,24050,39351,0,63401
"GOA",991,2003,30420,200,15116,72620,0,87736
"GOA",992,2003,30420,230,0,7883,0,7883
"GOA",992,2003,30420,490,0,22415,0,22415
"GOA",993,2003,30420,340,24910,106458,0,131369
"GOA",991,2003,30420,290,169885,482235,0,652119
"GOA",991,2003,30420,420,1171579,897593,0,2069172
"GOA",991,2003,30420,430,589459,2194239,0,2783698
"GOA",992,2003,30420,470,0,89661,0,89661
"GOA",992,2003,30420,280,47636,0,0,47636
"GOA",992,2003,30420,290,106932,34236,0,141168
"GOA",992,2003,30420,480,0,22415,0,22415
"GOA",991,2003,30420,370,1688778,1416168,0,3104946
"GOA",992,2003,30420,440,112076,481340,0,593417
"GOA",993,2003,30420,410,0,10772,0,10772
"GOA",991,2003,30420,150,28364,0,0,28364
"GOA",991,2003,30420,300,487951,446486,0,934437
"GOA",991,2003,30420,280,143176,386127,0,529303
"GOA",992,1984,30420,390,0,107885,0,107885
"GOA",992,1984,30420,280,1156452,945733,0,2102185
"GOA",991,1984,30420,340,1075097,837517,0,1912614
"GOA",991,1984,30420,250,220403,106628,0,327031
"GOA",991,1984,30420,350,1060572,977589,0,2038161
"GOA",993,1984,30420,310,144563,106520,0,251083
"GOA",993,1984,30420,350,24804,67370,0,92174
"GOA",993,1984,30420,210,0,2020,0,2020
"GOA",991,1984,30420,270,412795,535918,0,948712
"GOA",991,1984,30420,400,60614,1046131,0,1106745
"GOA",991,1984,30420,320,1206176,1218233,0,2424409
"GOA",991,1984,30420,390,90645,1428654,0,1519299
"GOA",993,1984,30420,330,72485,77333,0,149818
"GOA",992,2015,30420,460,0,452695,0,452695
"GOA",991,2015,30420,410,569443,464770,0,1034213
"GOA",993,2015,30420,380,7388,7388,0,14776
"GOA",993,2015,30420,410,0,20718,0,20718
"GOA",991,2015,30420,400,750575,319921,0,1070496
"GOA",991,2015,30420,440,58925,98926,0,157851
"GOA",991,1984,30420,140,180188,150157,0,330345
"GOA",993,1984,30420,440,0,44190,0,44190
"GOA",991,1993,30420,170,87594,14846,0,102440
"GOA",992,1993,30420,390,4501325,3961118,0,8462443
"GOA",991,2015,30420,270,0,24445,0,24445
"GOA",993,2015,30420,330,5024,6359,0,11383
"GOA",992,2015,30420,300,70621,18617,0,89238
"GOA",992,2015,30420,290,49673,12981,0,62654
"GOA",991,2015,30420,430,238659,237507,0,476165
"GOA",992,2015,30420,330,147634,194026,0,341660
"GOA",992,2015,30420,390,2662285,2672616,0,5334901
"GOA",992,2015,30420,270,6851,6519,0,13370
"GOA",993,1984,30420,420,1817,4212,0,6029
"GOA",991,1984,30420,430,0,286356,0,286356
"GOA",991,1984,30420,240,149014,221911,0,370925
"GOA",993,1984,30420,380,3837,11392,0,15229
"GOA",992,2015,30420,250,77708,0,0,77708
"GOA",991,2015,30420,320,73511,79578,0,153088
"GOA",992,2015,30420,40,13577,0,0,13577
"GOA",993,2015,30420,420,0,13112,0,13112
"GOA",991,2015,30420,300,19676,0,0,19676
"GOA",992,1984,30420,360,247433,972573,0,1220007
"GOA",991,2015,30420,420,522408,456066,0,978474
"GOA",992,2015,30420,400,3777331,3593187,0,7370518
"GOA",991,2015,30420,390,502430,259781,0,762212
"GOA",992,2015,30420,440,626709,1379270,0,2005979
"GOA",992,2015,30420,380,2434825,2069817,0,4504641
"GOA",993,2015,30420,440,0,5941,0,5941
"GOA",991,2015,30420,340,0,18378,0,18378
"GOA",991,2015,30420,260,0,48889,0,48889
"GOA",991,1984,30420,380,115494,1827466,0,1942960
"GOA",993,1984,30420,230,3837,0,0,3837
"GOA",992,1984,30420,250,449885,802128,0,1252012
"GOA",991,1984,30420,410,78661,1162137,0,1240798
"GOA",991,1984,30420,260,444401,216649,0,661051
"GOA",993,1984,30420,390,1817,10628,0,12445
"GOA",991,2015,30420,470,14058,33815,0,47873
"GOA",991,2015,30420,480,0,24709,0,24709
"GOA",992,1984,30420,340,498054,1666472,0,2164526
"GOA",992,1984,30420,370,33622,505204,0,538826
"GOA",992,1984,30420,330,1341949,1624092,0,2966041
"GOA",991,1984,30420,300,1180653,1271051,0,2451705
"GOA",991,1984,30420,200,172937,60063,0,233000
"GOA",992,1984,30420,200,8696,86762,0,95457
"GOA",991,1984,30420,420,0,545523,0,545523
"GOA",991,2019,30420,470,25610,0,0,25610
"GOA",991,2015,30420,220,0,24445,0,24445
"GOA",991,2015,30420,380,397214,85273,0,482488
"GOA",992,1984,30420,380,54137,426901,0,481037
"GOA",992,1984,30420,240,118560,700510,0,819070
"GOA",993,1984,30420,400,4008,6574,0,10583
"GOA",992,1984,30420,400,5831,96622,0,102453
"GOA",993,1984,30420,220,0,6060,0,6060
"GOA",991,1984,30420,230,209939,14177,0,224117
"GOA",991,1993,30420,350,2717140,4742089,0,7459229
"GOA",993,1993,30420,340,138472,60477,0,198949
"GOA",992,2019,30420,460,47648,90360,0,138009
"GOA",993,2015,30420,370,7388,5941,0,13329
"GOA",991,2015,30420,250,0,40470,0,40470
"GOA",992,2015,30420,320,78697,132500,0,211196
"GOA",992,1984,30420,290,1550158,2163807,0,3713966
"GOA",992,1984,30420,310,1799845,2128035,0,3927879
"GOA",991,1984,30420,370,988215,1894782,0,2882998
"GOA",993,1984,30420,360,9087,38732,0,47819
"GOA",991,1984,30420,440,78661,60614,0,139275
"GOA",992,1984,30420,420,0,29422,0,29422
"GOA",991,2019,30420,320,366418,34709,0,401127
"GOA",992,2019,30420,360,1022477,784584,0,1807061
"GOA",992,2019,30420,340,619248,673377,0,1292626
"GOA",993,2009,30420,380,33841,6128,0,39969
"GOA",991,2009,30420,350,950889,476802,0,1427691
"GOA",992,1984,30420,270,1043064,1132596,0,2175660
"GOA",991,1984,30420,170,210220,150157,0,360376
"GOA",991,1993,30420,360,2048051,4735556,0,6783607
"GOA",991,2019,30420,440,194009,1062269,0,1256278
"GOA",992,2015,30420,450,21985,1212529,0,1234514
"GOA",992,2015,30420,350,200802,101820,0,302622
"GOA",992,2015,30420,310,125105,122106,0,247210
"GOA",991,2015,30420,180,47289,0,0,47289
"GOA",991,2015,30420,290,44120,0,0,44120
"GOA",993,1984,30420,270,39622,32048,0,71670
"GOA",991,1984,30420,180,300314,270282,0,570596
"GOA",991,1984,30420,130,60063,0,0,60063
"GOA",992,1984,30420,180,3215,0,0,3215
"GOA",991,1993,30420,230,96355,266660,0,363014
"GOA",992,1993,30420,400,1924127,4050911,0,5975038
"GOA",991,1993,30420,330,2205275,1834942,0,4040217
"GOA",991,1993,30420,310,630977,854280,0,1485257
"GOA",991,2015,30420,280,18378,0,0,18378
"GOA",992,1984,30420,410,0,58646,0,58646
"GOA",991,1984,30420,330,1158842,1000338,0,2159180
"GOA",993,1984,30420,340,57958,78275,0,136233
"GOA",993,1984,30420,320,99435,91746,0,191181
"GOA",992,1984,30420,350,388985,1082904,0,1471889
"GOA",993,1984,30420,260,3837,14855,0,18692
"GOA",992,1984,30420,230,119461,203123,0,322585
"GOA",993,1984,30420,290,65562,106363,0,171925
"GOA",991,1993,30420,180,135240,34664,0,169904
"GOA",993,1993,30420,390,13920,0,0,13920
"GOA",993,1993,30420,330,61294,18270,0,79564
"GOA",991,1993,30420,460,0,112715,0,112715
"GOA",992,2019,30420,370,919941,1518245,0,2438186
"GOA",991,2019,30420,370,2637041,1035036,0,3672077
"GOA",992,2019,30420,450,65372,501986,0,567358
"GOA",991,2019,30420,380,2466195,3087664,0,5553859
"GOA",991,2009,30420,380,1535745,966055,0,2501801
"GOA",991,1984,30420,360,1106399,1728099,0,2834498
"GOA",991,1984,30420,280,828319,635284,0,1463604
"GOA",991,1984,30420,290,1393311,1048399,0,2441710
"GOA",993,1984,30420,300,111933,133945,0,245878
"GOA",991,1984,30420,460,0,60614,0,60614
"GOA",991,1984,30420,160,240251,270282,0,510533
"GOA",991,1984,30420,210,65659,6842,0,72500
"GOA",992,1984,30420,190,0,8632,0,8632
"GOA",992,1993,30420,380,6867276,4745840,0,11613115
"GOA",991,1993,30420,400,827072,1408677,0,2235749
"GOA",991,1993,30420,290,306913,561644,0,868557
"GOA",991,1993,30420,390,556237,983913,0,1540150
"GOA",992,1993,30420,410,481716,4041609,0,4523326
"GOA",992,1993,30420,330,2549881,1855515,0,4405397
"GOA",991,1993,30420,240,383785,102993,0,486778
"GOA",991,1993,30420,340,2139902,3461256,0,5601159
"GOA",992,2015,30420,370,1342696,1213665,0,2556361
"GOA",991,2015,30420,450,14058,37583,0,51642
"GOA",992,2015,30420,360,642047,620098,0,1262145
"GOA",993,2015,30420,310,0,7388,0,7388
"GOA",991,2015,30420,310,18378,18378,0,36755
"GOA",991,1993,30420,420,168835,193041,0,361876
"GOA",991,1993,30420,480,0,112715,0,112715
"GOA",992,2015,30420,340,369930,252822,0,622752
"GOA",992,2015,30420,420,2672219,2614301,0,5286520
"GOA",992,1984,30420,260,588362,617025,0,1205387
"GOA",992,1984,30420,430,0,34196,0,34196
"GOA",993,1984,30420,280,57559,51178,0,108737
"GOA",992,1984,30420,210,101169,25266,0,126435
"GOA",991,1984,30420,310,1612843,1442150,0,3054993
"GOA",992,1984,30420,220,3191,205282,0,208473
"GOA",992,1993,30420,460,0,6559,0,6559
"GOA",992,2015,30420,280,182399,13453,0,195852
"GOA",991,2015,30420,370,60121,61200,0,121321
"GOA",992,1984,30420,320,1839979,2129583,0,3969562
"GOA",992,1984,30420,300,1750334,2289955,0,4040290
"GOA",991,1984,30420,190,224397,180188,0,404585
"GOA",991,1984,30420,220,139882,21019,0,160901
"GOA",993,1984,30420,370,2020,22667,0,24687
"GOA",991,1984,30420,150,450471,240251,0,690722
"GOA",993,1984,30420,410,0,10583,0,10583
"GOA",992,2015,30420,490,0,56867,0,56867
"GOA",991,2015,30420,360,0,14058,0,14058
"GOA",991,2015,30420,330,62947,18378,0,81325
"GOA",991,2015,30420,460,12355,0,0,12355
"GOA",991,2015,30420,490,0,12355,0,12355
"GOA",992,1993,30420,360,8721067,9242374,0,17963442
"GOA",991,2015,30420,350,0,54585,0,54585
"GOA",992,2015,30420,430,1683615,2483978,0,4167593
"GOA",992,2015,30420,410,4664635,3452088,0,8116724
"GOA",992,2015,30420,470,0,346206,0,346206
"GOA",992,2015,30420,480,0,84185,0,84185
"GOA",991,2005,30420,300,410668,559420,0,970088
"GOA",993,2017,30420,320,11443,0,0,11443
"GOA",993,2017,30420,420,0,10445,0,10445
"GOA",992,2017,30420,320,214582,385515,0,600097
"GOA",991,2005,30420,420,7648201,6424779,0,14072980
"GOA",993,2005,30420,350,231738,392399,0,624138
"GOA",992,2005,30420,410,8576081,12283376,0,20859457
"GOA",992,2005,30420,420,4797850,13322707,0,18120557
"GOA",992,2005,30420,370,4602426,4346366,0,8948792
"GOA",992,2005,30420,400,13931640,13868706,0,27800347
"GOA",992,2005,30420,350,1905621,2459331,0,4364952
"GOA",992,2017,30420,420,1477379,3918324,0,5395703
"GOA",991,2005,30420,210,64015,31821,0,95837
"GOA",991,2005,30420,180,0,5306,0,5306
"GOA",991,2005,30420,150,7269,11513,0,18782
"GOA",991,2017,30420,440,2264416,7489083,0,9753500
"GOA",993,2017,30420,400,15881,26183,0,42064
"GOA",991,2017,30420,430,7125794,8485602,0,15611396
"GOA",993,2005,30420,320,294309,233792,0,528101
"GOA",992,2005,30420,310,619197,2529575,0,3148771
"GOA",992,2005,30420,470,114348,207627,0,321975
"GOA",991,2005,30420,340,1662023,2104750,0,3766773
"GOA",992,2005,30420,260,17621,153111,0,170732
"GOA",992,2017,30420,450,251911,1583599,0,1835510
"GOA",991,2017,30420,230,0,42999,0,42999
"GOA",991,2017,30420,380,2156570,624956,0,2781525
"GOA",993,2017,30420,410,0,8576,0,8576
"GOA",991,2017,30420,300,263089,258363,0,521452
"GOA",993,2017,30420,390,0,8576,0,8576
"GOA",992,2019,30420,290,101134,33103,0,134237
"GOA",992,2019,30420,260,0,54109,0,54109
"GOA",991,2019,30420,460,73935,61243,0,135178
"GOA",993,2005,30420,300,108312,29158,0,137470
"GOA",993,2005,30420,420,0,26799,0,26799
"GOA",995,2005,30420,390,0,13393,0,13393
"GOA",993,2005,30420,390,0,53598,0,53598
"GOA",993,2005,30420,370,55957,134197,0,190154
"GOA",991,2005,30420,240,46810,113475,0,160285
"GOA",991,2019,30420,300,131538,43121,0,174659
"GOA",991,2019,30420,170,40271,0,0,40271
"GOA",992,2019,30420,470,0,36836,0,36836
"GOA",991,2019,30420,250,19613,58839,0,78452
"GOA",992,2019,30420,390,2946224,3306041,0,6252264
"GOA",992,2019,30420,410,2249736,5216504,0,7466240
"GOA",992,2019,30420,400,3285687,4213099,0,7498786
"GOA",993,2005,30420,270,8135,0,0,8135
"GOA",991,2005,30420,50,17927,0,0,17927
"GOA",991,2005,30420,320,821098,1250967,0,2072065
"GOA",991,2005,30420,390,8109528,9417183,0,17526711
"GOA",992,2005,30420,300,334665,12191533,0,12526197
"GOA",992,2005,30420,340,2485483,3243043,0,5728526
"GOA",991,2019,30420,400,5300981,7755667,0,13056648
"GOA",991,2019,30420,390,3689968,5526135,0,9216103
"GOA",991,2005,30420,310,564484,652167,0,1216651
"GOA",993,2005,30420,330,272182,403980,0,676162
"GOA",991,2005,30420,380,10757735,7729198,0,18486933
"GOA",992,2005,30420,320,805774,1809806,0,2615580
"GOA",991,2005,30420,360,8216096,4026597,0,12242693
"GOA",992,2005,30420,390,17041691,8105906,0,25147597
"GOA",991,2005,30420,270,217666,73894,0,291560
"GOA",992,2017,30420,280,94047,26098,0,120146
"GOA",993,2017,30420,360,32635,32425,0,65060
"GOA",992,2017,30420,460,228118,1031267,0,1259385
"GOA",992,2005,30420,380,8619915,8307777,0,16927692
"GOA",993,2005,30420,400,10987,15339,0,26325
"GOA",991,2017,30420,350,1111534,54880,0,1166415
"GOA",991,2017,30420,390,8837169,1853465,0,10690634
"GOA",993,2017,30420,430,0,17037,0,17037
"GOA",991,2017,30420,420,9388212,7206627,0,16594840
"GOA",991,2017,30420,280,27700,36909,0,64609
"GOA",992,2017,30420,240,16991,0,0,16991
"GOA",992,2017,30420,300,77445,47924,0,125369
"GOA",991,2017,30420,310,346021,0,0,346021
"GOA",991,2019,30420,430,1241473,2427263,0,3668736
"GOA",991,2019,30420,340,418872,196110,0,614982
"GOA",991,2005,30420,460,0,857810,0,857810
"GOA",995,2005,30420,380,0,13393,0,13393
"GOA",991,2017,30420,460,230664,815886,0,1046550
"GOA",991,2017,30420,240,0,42158,0,42158
"GOA",991,2019,30420,280,238049,0,0,238049
"GOA",991,2005,30420,170,36347,34539,0,70886
"GOA",993,2005,30420,340,289306,388140,0,677446
"GOA",993,2005,30420,410,10239,18062,0,28301
"GOA",991,2017,30420,340,327939,32425,0,360364
"GOA",991,2017,30420,370,2244096,363943,0,2608039
"GOA",992,2017,30420,380,1677907,2273153,0,3951060
"GOA",992,2017,30420,430,1642162,2440811,0,4082973
"GOA",993,2017,30420,380,8461,28595,0,37056
"GOA",992,2017,30420,390,2458557,3603268,0,6061825
"GOA",992,2017,30420,310,115122,121195,0,236317
"GOA",992,2017,30420,480,0,304158,0,304158
"GOA",993,2017,30420,270,0,8677,0,8677
"GOA",991,2019,30420,360,1955503,370505,0,2326008
"GOA",992,2019,30420,330,368037,651298,0,1019334
"GOA",992,2019,30420,350,536969,526149,0,1063118
"GOA",991,2005,30420,350,3477217,4085477,0,7562694
"GOA",992,2005,30420,270,0,171365,0,171365
"GOA",991,2017,30420,360,517402,90277,0,607679
"GOA",992,2017,30420,360,827237,899787,0,1727024
"GOA",992,2017,30420,290,23637,11145,0,34782
"GOA",992,2017,30420,270,129025,14424,0,143450
"GOA",992,2017,30420,250,115716,46940,0,162656
"GOA",991,2017,30420,200,0,20544,0,20544
"GOA",992,2019,30420,430,485672,2710289,0,3195960
"GOA",992,2005,30420,450,170387,2972115,0,3142502
"GOA",992,2017,30420,410,2678956,4739374,0,7418329
"GOA",991,2017,30420,410,11802469,5683857,0,17486326
"GOA",991,2017,30420,210,21615,0,0,21615
"GOA",992,2017,30420,490,0,152079,0,152079
"GOA",991,2017,30420,190,0,18223,0,18223
"GOA",991,2019,30420,290,0,31961,0,31961
"GOA",992,2019,30420,250,0,34388,0,34388
"GOA",993,2019,30420,320,0,17330,0,17330
"GOA",992,2005,30420,240,406268,7517,7506,421291
"GOA",991,2005,30420,280,106620,248853,0,355472
"GOA",994,1993,30420,360,7160,0,0,7160
"GOA",992,2017,30420,400,2508403,3969705,0,6478109
"GOA",993,2017,30420,370,0,17362,0,17362
"GOA",992,2017,30420,340,387586,412834,0,800420
"GOA",991,2017,30420,330,346021,66043,0,412064
"GOA",993,2017,30420,340,8461,10445,0,18906
"GOA",992,2017,30420,350,391513,401222,0,792735
"GOA",992,2017,30420,440,681062,1315684,0,1996746
"GOA",991,2017,30420,470,33618,285897,0,319515
"GOA",991,2019,30420,230,0,39226,0,39226
"GOA",991,2019,30420,140,0,0,40271,40271
"GOA",992,2019,30420,440,118528,1231435,0,1349963
"GOA",991,2019,30420,450,234837,212130,0,446967
"GOA",991,2019,30420,410,3665710,6736573,0,10402282
"GOA",991,2005,30420,190,5306,12575,0,17881
"GOA",993,2005,30420,310,107855,216120,0,323975
"GOA",991,2017,30420,290,33618,73819,0,107437
"GOA",992,2017,30420,470,10864,403989,0,414854
"GOA",991,2017,30420,480,0,264282,0,264282
"GOA",992,2017,30420,330,306757,366882,0,673638
"GOA",993,2017,30420,350,19231,0,0,19231
"GOA",992,2017,30420,370,1084741,1042701,0,2127442
"GOA",993,2017,30420,310,17336,17253,0,34589
"GOA",992,2019,30420,280,138653,15341,0,153994
"GOA",992,2005,30420,290,88646,24152132,0,24240777
"GOA",991,2017,30420,220,21615,0,0,21615
"GOA",992,2017,30420,160,0,12399,0,12399
"GOA",991,2017,30420,250,21615,18223,0,39837
"GOA",993,2019,30420,330,0,8478,0,8478
"GOA",993,2005,30420,430,0,13400,0,13400
"GOA",991,2005,30420,260,41372,114711,0,156082
"GOA",991,2005,30420,200,47600,31823,0,79423
"GOA",992,2005,30420,250,7517,0,0,7517
"GOA",993,2005,30420,290,62208,90877,0,153084
"GOA",993,2005,30420,380,7810,122122,0,129932
"GOA",991,2005,30420,430,2934513,11507626,0,14442139
"GOA",991,2005,30420,230,25224,24362,0,49586
"GOA",991,2019,30420,240,19613,58839,0,78452
"GOA",995,2005,30420,350,0,13393,0,13393
"GOA",993,2005,30420,280,37804,13400,0,51203
"GOA",992,2005,30420,460,190904,577750,0,768653
"GOA",991,2005,30420,290,432071,528011,0,960082
"GOA",991,2017,30420,400,11268081,1909289,0,13177370
"GOA",991,2017,30420,320,329132,258363,0,587495
"GOA",991,2017,30420,450,520271,3794929,0,4315200
"GOA",991,2017,30420,270,0,66043,0,66043
"GOA",993,2019,30420,340,0,8409,0,8409
"GOA",991,2005,30420,110,7269,0,0,7269
"GOA",991,2005,30420,450,873786,5254182,0,6127968
"GOA",991,2005,30420,160,37276,7269,0,44545
"GOA",994,2005,30420,330,0,10175,0,10175
"GOA",992,2005,30420,330,2004164,1682406,0,3686570
"GOA",991,2005,30420,250,46214,97867,0,144081
"GOA",992,2005,30420,360,4278636,3980598,0,8259234
"GOA",991,2005,30420,410,11728739,10506349,0,22235088
"GOA",992,2005,30420,440,1332917,19448778,0,20781695
"GOA",992,2005,30420,430,4471795,11782336,0,16254131
"GOA",992,2001,30420,390,22320407,21659586,0,43979994
"GOA",992,2001,30420,400,19752751,29566884,0,49319635
"GOA",992,2001,30420,360,31815720,21542080,0,53357800
"GOA",991,2001,30420,270,632027,690644,0,1322672
"GOA",991,2001,30420,280,649216,680388,0,1329604
"GOA",991,2001,30420,340,212949,227188,0,440137
"GOA",992,2001,30420,420,6870996,20558318,0,27429314
"GOA",993,2009,30420,420,7020,0,0,7020
"GOA",991,2009,30420,320,430746,203476,0,634222
"GOA",991,2009,30420,280,52677,13141,0,65818
"GOA",991,2001,30420,320,525697,304106,0,829804
"GOA",992,2001,30420,80,0,15167,0,15167
"GOA",992,2001,30420,200,32546,21697,0,54243
"GOA",991,2007,30420,360,1507385,1239625,0,2747010
"GOA",991,2007,30420,420,2361951,3235772,0,5597723
"GOA",991,2001,30420,390,2579105,847049,0,3426154
"GOA",992,2001,30420,240,59450,56578,0,116028
"GOA",993,2001,30420,360,52663,0,0,52663
"GOA",991,2001,30420,240,377320,407641,0,784961
"GOA",992,2009,30420,380,3832252,2303447,0,6135699
"GOA",992,2009,30420,340,1168464,766374,0,1934838
"GOA",992,2009,30420,400,4055362,2149891,0,6205254
"GOA",992,2009,30420,460,0,414729,0,414729
"GOA",992,2001,30420,310,1531485,2123617,0,3655102
"GOA",992,2001,30420,440,293321,3575343,0,3868664
"GOA",991,2001,30420,160,224408,71137,0,295545
"GOA",992,2001,30420,320,3451391,6006526,0,9457917
"GOA",991,2001,30420,410,645833,486790,0,1132623
"GOA",993,2001,30420,330,16312,25522,0,41834
"GOA",992,2007,30420,350,9258646,5848756,0,15107402
"GOA",992,2007,30420,250,398756,15849,0,414605
"GOA",991,2007,30420,440,256938,738145,0,995083
"GOA",992,2007,30420,260,384097,31864,0,415962
"GOA",991,2007,30420,220,21010,11144,0,32154
"GOA",991,2009,30420,440,638183,988482,0,1626665
"GOA",993,2009,30420,330,6656,48181,0,54837
"GOA",993,2007,30420,440,7047,0,0,7047
"GOA",991,2007,30420,180,8920,0,0,8920
"GOA",992,2007,30420,450,255097,831137,0,1086234
"GOA",993,2007,30420,350,220972,206220,0,427192
"GOA",991,2007,30420,380,5409528,2285961,0,7695489
"GOA",992,2007,30420,430,2298515,4420137,0,6718652
"GOA",992,2007,30420,370,11807490,6080655,0,17888145
"GOA",991,2009,30420,410,4675917,2002865,0,6678782
"GOA",993,2001,30420,300,0,28645,0,28645
"GOA",992,2001,30420,500,0,45892,0,45892
"GOA",992,2001,30420,300,2226949,1002962,0,3229911
"GOA",992,2001,30420,370,30132196,25209654,0,55341850
"GOA",991,2001,30420,400,1575448,696642,0,2272090
"GOA",992,2001,30420,430,3032978,4915600,0,7948578
"GOA",991,2001,30420,60,0,0,3646764,3646764
"GOA",991,2001,30420,360,649139,171054,0,820193
"GOA",991,2007,30420,480,11763,0,0,11763
"GOA",991,2007,30420,260,97077,81523,0,178600
"GOA",991,2007,30420,280,200218,159263,0,359481
"GOA",991,2007,30420,320,156401,407895,0,564296
"GOA",991,2007,30420,330,749603,371355,0,1120958
"GOA",991,2009,30420,310,139518,135587,0,275104
"GOA",993,2001,30420,310,10432,25522,0,35954
"GOA",991,2007,30420,300,279342,221425,0,500767
"GOA",992,2007,30420,480,0,422132,0,422132
"GOA",993,2007,30420,420,16016,28690,0,44706
"GOA",991,2007,30420,450,35666,325158,0,360824
"GOA",991,2007,30420,390,7350330,2969210,0,10319541
"GOA",993,2007,30420,410,6565,12984,0,19549
"GOA",991,2007,30420,350,1212786,1374348,0,2587133
"GOA",992,2007,30420,40,0,11914,0,11914
"GOA",991,2009,30420,250,60856,10082,0,70938
"GOA",991,2009,30420,270,63620,63620,0,127240
"GOA",991,2009,30420,260,110858,15905,0,126763
"GOA",991,2009,30420,240,13141,10506,0,23647
"GOA",993,2009,30420,390,13675,0,0,13675
"GOA",991,2001,30420,140,104075,10071,0,114146
"GOA",991,2001,30420,440,37939,15565,0,53504
"GOA",992,2001,30420,450,45892,2171539,0,2217430
"GOA",991,2007,30420,250,86895,24335,0,111229
"GOA",993,2007,30420,290,14095,0,0,14095
"GOA",994,2007,30420,410,11509,0,0,11509
"GOA",992,2007,30420,290,894697,443559,0,1338255
"GOA",992,2007,30420,170,8229,0,0,8229
"GOA",992,2007,30420,360,11887251,6686728,0,18573978
"GOA",991,2009,30420,180,87493,10351,0,97844
"GOA",992,2009,30420,330,222006,526045,0,748051
"GOA",993,2009,30420,320,13668,0,0,13668
"GOA",991,2009,30420,330,102247,177416,0,279663
"GOA",993,2009,30420,310,0,18286,0,18286
"GOA",994,2009,30420,350,14971,0,0,14971
"GOA",991,2001,30420,220,357662,365491,0,723153
"GOA",991,2001,30420,370,896621,375135,0,1271755
"GOA",991,2001,30420,290,349622,312308,0,661930
"GOA",991,2007,30420,470,0,63896,0,63896
"GOA",991,2007,30420,370,3465611,2425950,0,5891561
"GOA",991,2007,30420,240,55758,26713,0,82471
"GOA",992,2007,30420,330,5951366,2582757,0,8534123
"GOA",991,2009,30420,430,1823234,1403684,0,3226918
"GOA",991,2009,30420,210,24522,27565,0,52088
"GOA",991,2009,30420,190,47715,37916,0,85631
"GOA",991,2009,30420,420,3914664,1314753,0,5229416
"GOA",993,2001,30420,380,81577,14323,0,95899
"GOA",993,2001,30420,400,41623,41623,0,83247
"GOA",994,2007,30420,350,0,11509,0,11509
"GOA",992,2007,30420,440,805575,3529912,0,4335487
"GOA",993,2007,30420,320,44466,84588,0,129054
"GOA",992,2007,30420,410,10285958,11287428,0,21573386
"GOA",992,2007,30420,300,87371,252039,0,339410
"GOA",991,2007,30420,210,0,26713,0,26713
"GOA",991,2007,30420,230,21175,0,0,21175
"GOA",994,2009,30420,360,7230,0,0,7230
"GOA",992,2001,30420,350,10295199,12209808,0,22505006
"GOA",991,2001,30420,300,445134,558300,0,1003434
"GOA",991,2001,30420,380,1639429,504741,0,2144170
"GOA",992,2001,30420,410,7039903,16603906,0,23643809
"GOA",993,2001,30420,370,46293,30635,0,76927
"GOA",992,2001,30420,490,0,91783,0,91783
"GOA",991,2001,30420,330,178505,70466,0,248971
"GOA",992,2007,30420,380,10186585,5268559,0,15455145
"GOA",991,2007,30420,310,333138,221850,0,554988
"GOA",993,2007,30420,360,219331,159093,0,378424
"GOA",992,2007,30420,470,65819,73690,0,139509
"GOA",993,2007,30420,300,18540,9682,0,28222
"GOA",992,2007,30420,240,0,25133,0,25133
"GOA",993,2009,30420,290,0,6454,0,6454
"GOA",991,2009,30420,150,31517,22166,11660,65342
"GOA",992,2009,30420,250,0,26586,0,26586
"GOA",992,2001,30420,230,41410,0,0,41410
"GOA",992,2001,30420,250,70751,38679,0,109430
"GOA",991,2001,30420,430,75878,85258,0,161136
"GOA",991,2001,30420,420,289038,177909,0,466947
"GOA",992,2001,30420,170,10849,0,0,10849
"GOA",993,2007,30420,330,105522,119325,0,224848
"GOA",991,2007,30420,270,264925,113752,0,378677
"GOA",991,2007,30420,340,1044649,1355808,0,2400457
"GOA",991,2007,30420,290,67496,240093,0,307589
"GOA",993,2007,30420,430,0,15518,0,15518
"GOA",991,2007,30420,120,0,34413,0,34413
"GOA",992,2007,30420,220,11323,0,0,11323
"GOA",991,2007,30420,430,1164855,1559365,0,2724219
"GOA",993,2007,30420,340,198462,229117,0,427579
"GOA",992,2007,30420,270,418409,777271,0,1195680
"GOA",992,2007,30420,390,15712657,5708190,0,21420846
"GOA",992,2007,30420,280,112355,85977,0,198333
"GOA",991,2003,30420,220,92350,106266,0,198616
"GOA",992,2003,30420,270,72817,24050,0,96867
"GOA",991,2003,30420,330,1339266,2422504,0,3761771
"GOA",991,2003,30420,210,30738,59997,0,90735
"GOA",991,2003,30420,270,389535,412413,0,801948
"GOA",992,2003,30420,330,791720,555140,0,1346860
"GOA",991,2007,30420,190,9865,16848,0,26713
"GOA",993,2007,30420,390,31813,40783,0,72596
"GOA",993,2007,30420,370,174002,87429,0,261431
"GOA",992,2009,30420,440,141556,1809023,0,1950578
"GOA",992,2009,30420,410,2802505,3081506,0,5884012
"GOA",991,2005,30420,470,0,838267,0,838267
"GOA",995,2005,30420,370,0,13393,0,13393
"GOA",994,2007,30420,310,11509,0,0,11509
"GOA",993,2007,30420,380,67986,73820,0,141806
"GOA",992,2007,30420,310,203249,1021791,0,1225039
"GOA",992,2007,30420,340,8754020,4457230,0,13211250
"GOA",993,2007,30420,400,15906,9293,0,25200
"GOA",992,2009,30420,350,1066136,1070778,0,2136914
"GOA",992,2009,30420,310,74816,217869,0,292685
"GOA",992,2007,30420,400,14144087,10451150,0,24595237
"GOA",992,2007,30420,320,2539392,1373771,0,3913163
"GOA",991,2007,30420,400,5608764,3856770,0,9465533
"GOA",992,2007,30420,420,4160390,10965029,0,15125419
"GOA",991,2007,30420,410,4369616,3360724,0,7730340
"GOA",993,2007,30420,310,43080,31389,0,74469
"GOA",992,2007,30420,460,204442,446064,0,650506
"GOA",992,2007,30420,490,15849,15592,0,31440
"GOA",991,2007,30420,460,124384,58022,0,182406
"GOA",994,2007,30420,460,0,11509,0,11509
"GOA",993,2009,30420,340,27045,28599,0,55645
"GOA",992,2009,30420,320,274884,280531,0,555415
"GOA",992,2009,30420,370,3457214,1868962,0,5326175
"GOA",994,2007,30420,420,0,11509,0,11509
"GOA",991,2001,30420,180,519577,565299,0,1084876
"GOA",991,2001,30420,190,663910,320983,0,984894
"GOA",991,2001,30420,310,429308,599715,0,1029022
"GOA",993,2001,30420,340,30508,57221,0,87729
"GOA",992,2001,30420,340,11986003,11188791,0,23174794
"GOA",991,2001,30420,450,51424,13486,0,64910
"GOA",991,2001,30420,70,0,0,101299,101299
"GOA",992,2001,30420,290,830851,788675,0,1619526
"GOA",991,2001,30420,350,261059,15565,0,276625
"GOA",992,2009,30420,360,2249401,1619304,0,3868704
"GOA",993,2009,30420,360,37504,105982,0,143486
"GOA",993,2009,30420,350,43996,25307,0,69304
"GOA",993,2001,30420,320,28478,37794,0,66273
"GOA",991,2001,30420,80,0,0,303897,303897
"GOA",991,2001,30420,130,0,10071,0,10071
"GOA",992,2001,30420,220,0,10849,0,10849
"GOA",992,2001,30420,270,553262,318699,0,871961
"GOA",991,2001,30420,260,909498,487955,0,1397454
"GOA",991,2007,30420,150,0,16848,0,16848
"GOA",992,2001,30420,480,0,504808,0,504808
"GOA",991,2001,30420,50,0,0,810392,810392
"GOA",991,2009,30420,110,0,11660,0,11660
"GOA",993,2001,30420,350,21758,0,0,21758
"GOA",991,2001,30420,200,409225,213503,0,622728
"GOA",992,2001,30420,260,194245,168250,0,362495
"GOA",991,2001,30420,230,182341,328975,0,511316
"GOA",992,2013,30420,370,5815710,8592130,0,14407839
"GOA",992,2013,30420,340,2375978,1687098,0,4063075
"GOA",992,2013,30420,400,15170795,34293138,0,49463933
"GOA",992,2013,30420,460,12401,1940326,0,1952727
"GOA",993,2013,30420,370,13548,23277,0,36825
"GOA",992,2013,30420,440,248369,8407563,0,8655931
"GOA",992,2013,30420,480,18195,16756,0,34952
"GOA",993,2013,30420,380,9046,77762,0,86808
"GOA",991,2009,30420,460,112002,222543,0,334546
"GOA",991,2009,30420,230,31810,64481,0,96291
"GOA",991,2011,30420,410,13121606,3202845,0,16324451
"GOA",991,2011,30420,210,19813,0,0,19813
"GOA",992,2011,30420,260,13419,13419,0,26838
"GOA",992,2011,30420,290,13419,13419,0,26838
"GOA",992,2011,30420,410,6022458,7600685,0,13623144
"GOA",991,2013,30420,470,0,603811,0,603811
"GOA",991,2013,30420,330,78832,56493,0,135324
"GOA",991,2013,30420,350,165788,116827,0,282615
"GOA",993,2013,30420,420,0,22711,0,22711
"GOA",993,2013,30420,410,0,34067,0,34067
"GOA",992,2011,30420,350,853370,457702,0,1311072
"GOA",991,2011,30420,460,0,1396092,0,1396092
"GOA",992,2011,30420,440,1436394,5328237,0,6764631
"GOA",991,2011,30420,370,2019219,1308137,0,3327356
"GOA",991,2011,30420,320,59191,19813,0,79005
"GOA",992,2013,30420,280,13965,213909,0,227874
"GOA",993,2013,30420,430,0,22711,0,22711
"GOA",993,2013,30420,280,26837,0,0,26837
"GOA",992,2013,30420,270,422367,69634,0,492001
"GOA",992,2013,30420,290,207676,209778,0,417454
"GOA",991,2011,30420,440,570538,2560815,0,3131353
"GOA",991,2011,30420,200,19813,38508,0,58321
"GOA",992,2011,30420,470,0,1290192,0,1290192
"GOA",991,2011,30420,260,0,37283,0,37283
"GOA",992,2011,30420,330,258550,138804,0,397353
"GOA",993,2011,30420,370,21046,21394,0,42440
"GOA",991,2011,30420,380,4443506,860984,0,5304490
"GOA",991,2011,30420,360,51567,468754,0,520321
"GOA",991,2013,30420,390,3397934,1641574,0,5039508
"GOA",991,2013,30420,400,8880399,1898036,0,10778435
"GOA",991,2013,30420,460,111204,870245,0,981449
"GOA",992,2011,30420,490,0,198576,0,198576
"GOA",991,2011,30420,230,0,118382,0,118382
"GOA",992,2011,30420,280,11882,13419,0,25301
"GOA",991,2011,30420,450,172175,1661626,0,1833800
"GOA",993,2011,30420,380,101791,30589,0,132379
"GOA",992,2011,30420,360,1414609,922790,0,2337398
"GOA",992,2011,30420,430,3191923,8121828,0,11313750
"GOA",993,2011,30420,350,71424,95221,0,166645
"GOA",992,2011,30420,420,5299796,7214263,0,12514059
"GOA",992,2011,30420,460,182385,1702827,0,1885212
"GOA",992,2013,30420,240,13965,13965,0,27931
"GOA",992,2011,30420,370,2308612,1292686,0,3601297
"GOA",991,2011,30420,340,90889,223742,0,314631
"GOA",991,2011,30420,330,71381,69036,0,140417
"GOA",992,2011,30420,380,2473376,1711864,0,4185240
"GOA",992,2011,30420,310,24436,86453,0,110889
"GOA",993,2011,30420,390,21145,10614,0,31759
"GOA",991,2013,30420,340,482663,65372,0,548035
"GOA",991,2011,30420,350,127200,349570,0,476770
"GOA",992,2011,30420,300,10821,12554,0,23375
"GOA",991,2011,30420,490,51567,0,0,51567
"GOA",991,2011,30420,170,0,19126,0,19126
"GOA",993,2011,30420,420,21145,10614,0,31759
"GOA",992,2013,30420,410,17919279,44459415,0,62378694
"GOA",991,2013,30420,410,7676329,4400956,0,12077285
"GOA",992,2013,30420,450,245231,1890898,0,2136129
"GOA",992,2013,30420,470,0,44406,0,44406
"GOA",991,2013,30420,290,38273,41789,0,80062
"GOA",992,2011,30420,390,3439712,2812849,0,6252561
"GOA",991,2011,30420,400,9924237,3017296,0,12941532
"GOA",993,2013,30420,350,0,22711,0,22711
"GOA",991,2013,30420,310,41789,27098,0,68887
"GOA",992,2011,30420,320,49067,138990,0,188057
"GOA",991,2011,30420,420,6272303,3901899,17469,10191672
"GOA",991,2011,30420,240,19813,0,0,19813
"GOA",991,2013,30420,370,1226506,123398,0,1349904
"GOA",991,2013,30420,420,11477707,8318059,0,19795765
"GOA",991,2011,30420,190,19813,0,0,19813
"GOA",991,2011,30420,220,39627,19813,0,59440
"GOA",991,2011,30420,280,0,59191,0,59191
"GOA",991,2011,30420,250,37283,0,0,37283
"GOA",991,2011,30420,270,39627,0,0,39627
"GOA",993,2011,30420,320,18349,0,0,18349
"GOA",991,2013,30420,300,18069,0,0,18069
"GOA",992,2013,30420,250,198918,0,0,198918
"GOA",993,2013,30420,360,0,36259,0,36259
"GOA",992,2011,30420,400,4559578,4400622,0,8960200
"GOA",992,2013,30420,390,15111876,42991735,0,58103611
"GOA",992,2013,30420,360,4536949,8209949,0,12746898
"GOA",992,2013,30420,260,216253,15650,0,231904
"GOA",992,2013,30420,490,18195,9892,0,28087
"GOA",991,2013,30420,230,19137,0,0,19137
"GOA",992,2013,30420,230,13965,0,0,13965
"GOA",991,2011,30420,430,3515001,5264369,0,8779369
"GOA",991,2011,30420,180,19813,0,0,19813
"GOA",991,2011,30420,390,7955373,2016763,0,9972137
"GOA",992,2013,30420,310,461285,106442,0,567728
"GOA",992,2013,30420,190,0,37706,0,37706
"GOA",991,2013,30420,450,582137,655851,0,1237988
"GOA",992,2013,30420,420,5558285,28018775,0,33577060
"GOA",993,2013,30420,400,0,11356,0,11356
"GOA",992,2013,30420,330,1391494,427606,0,1819100
"GOA",992,2013,30420,380,18965582,23142199,0,42107781
"GOA",992,2013,30420,350,1327995,3590510,0,4918504
"GOA",992,2013,30420,300,657356,829755,0,1487110
"GOA",992,2011,30420,450,563345,3155226,0,3718571
"GOA",993,2011,30420,400,0,20811,0,20811
"GOA",991,2013,30420,250,23592,41661,0,65253
"GOA",991,2013,30420,430,4567497,5652744,0,10220242
"GOA",991,2013,30420,270,0,27098,0,27098
"GOA",991,2013,30420,480,0,37043,0,37043
"GOA",991,2013,30420,380,3237673,202078,0,3439751
"GOA",992,2001,30420,460,0,2824644,0,2824644
"GOA",992,2001,30420,190,69410,43394,0,112804
"GOA",992,2001,30420,470,0,1193183,0,1193183
"GOA",991,2001,30420,90,0,0,202598,202598
"GOA",991,2001,30420,460,0,13486,0,13486
"GOA",991,2001,30420,100,0,0,101299,101299
"GOA",991,2001,30420,110,0,20564,0,20564
"GOA",993,2001,30420,390,0,14323,0,14323
"GOA",993,2001,30420,410,0,14323,0,14323
"GOA",992,2001,30420,380,33722480,38607877,0,72330357
"GOA",993,2011,30420,360,10949,32329,0,43278
"GOA",993,2011,30420,340,47924,62114,0,110038
"GOA",991,2013,30420,260,18069,19137,0,37206
"GOA",991,2013,30420,440,1017361,1625154,0,2642516
"GOA",992,2013,30420,220,13965,13965,0,27931
"GOA",991,2009,30420,160,31517,73539,0,105056
"GOA",992,2009,30420,230,11250,0,0,11250
"GOA",992,2011,30420,340,845149,1067720,0,1912869
"GOA",993,2013,30420,340,27095,30607,0,57702
"GOA",992,2013,30420,320,306038,1301765,0,1607803
"GOA",991,2013,30420,280,38273,102714,0,140988
"GOA",991,2013,30420,320,37043,27098,0,64141
"GOA",992,2013,30420,430,3190670,18236513,0,21427183
"GOA",993,2013,30420,390,24903,35444,0,60347
"GOA",991,2013,30420,360,599014,170547,0,769561
"GOA",991,2013,30420,240,19137,0,0,19137
"GOA",992,2009,30420,390,4793976,2935630,0,7729607
"GOA",992,2009,30420,270,95533,13293,0,108826
"GOA",993,2011,30420,330,0,32859,0,32859
"GOA",991,2011,30420,480,0,375469,0,375469
"GOA",992,2011,30420,480,0,701126,0,701126
"GOA",993,2013,30420,330,0,27499,0,27499
