2,3,4,5,6,7,8,9,10,11,12,13,14,15,16,17,18,19,20,21,22,23,24,25,26,27,28,29,30,31,32,33,34,35,36,37,38,39,40,41,42,43,44,45
0.9732362307527163,0.026763765767993997,3.479289745200731e-9,0,0,0,0,0,0,0,0,0,0,0,0,0,0,0,0,0,0,0,0,0,0,0,0,0,0,0,0,0,0,0,0,0,0,0,0,0,0,0,0,0
0.04317140766208209,0.9136571846758359,0.04317127392979092,1.3373229112989549e-7,0,0,0,0,0,0,0,0,0,0,0,0,0,0,0,0,0,0,0,0,0,0,0,0,0,0,0,0,0,0,0,0,0,0,0,0,0,0,0,0
1.8448480950983867e-6,0.06144844258783625,0.8770994251281372,0.06144844258783633,1.8448480889610153e-6,6.106226635438361e-15,0,0,0,0,0,0,0,0,0,0,0,0,0,0,0,0,0,0,0,0,0,0,0,0,0,0,0,0,0,0,0,0,0,0,0,0,0,0
1.197064946543383e-12,1.3018644618959065e-5,0.08046375760079609,0.8390464475067758,0.08046375760079605,1.3018644619000597e-5,1.1970424651508438e-12,0,0,0,0,0,0,0,0,0,0,0,0,0,0,0,0,0,0,0,0,0,0,0,0,0,0,0,0,0,0,0,0,0,0,0,0,0
1.2119880863487308e-19,6.681682630638842e-11,5.815234764723622e-5,0.09940865976886357,0.8010663756333447,0.0994086597688636,5.8152347647277836e-5,6.681677433562072e-11,0,0,0,0,0,0,0,0,0,0,0,0,0,0,0,0,0,0,0,0,0,0,0,0,0,0,0,0,0,0,0,0,0,0,0,0
7.119661732613967e-27,5.2945357867998645e-17,1.5413444881517666e-9,1.8807010578360077e-4,0.11773633004855688,0.7641511966086298,0.11773633004855688,1.8807010578369976e-4,1.54134449648069e-9,0,0,0,0,0,0,0,0,0,0,0,0,0,0,0,0,0,0,0,0,0,0,0,0,0,0,0,0,0,0,0,0,0,0,0
4.957020742260058e-34,1.9948445158367864e-23,6.6297101856557944e-15,1.873716298564366e-8,4.809732043723001e-4,0.13508232306159582,0.7288733699937247,0.13508232306159573,4.8097320437234803e-4,1.873716293232519e-8,6.661338147750939e-15,0,0,0,0,0,0,0,0,0,0,0,0,0,0,0,0,0,0,0,0,0,0,0,0,0,0,0,0,0,0,0,0,0
5.967830927352074e-41,6.892230456926208e-30,1.2106335857152905e-20,3.2836263975635523e-13,1.4152495638412263e-7,0.0010326465462477648,0.15120585581088533,0.6955227122351644,0.1512058558108853,0.0010326465462477952,1.4152495630970208e-7,3.284039706841213e-13,0,0,0,0,0,0,0,0,0,0,0,0,0,0,0,0,0,0,0,0,0,0,0,0,0,0,0,0,0,0,0,0
1.498583810454275e-47,3.18260096189947e-36,1.7002877535146623e-26,2.305328653467349e-18,8.051812281576818e-12,7.450241758604939e-7,0.0019406025703291234,0.16595471180199822,0.66420788119089,0.16595471180199817,0.0019406025703291307,7.450241759077159e-7,8.051781463791485e-12,0,0,0,0,0,0,0,0,0,0,0,0,0,0,0,0,0,0,0,0,0,0,0,0,0,0,0,0,0,0,0
8.496914102507945e-54,2.4213250044294712e-42,2.6379715505310785e-32,1.1049330728863317e-23,1.794896044355491e-16,1.1475155345052925e-10,2.9673141392395126e-6,0.0032886930343114617,0.17924524953903415,0.6349261799955268,0.1792452495390342,0.0032886930343114518,2.9673141391795e-6,1.1475154160223155e-10,2.220446049250313e-16,0,0,0,0,0,0,0,0,0,0,0,0,0,0,0,0,0,0,0,0,0,0,0,0,0,0,0,0,0
1.1074080106860408e-59,3.382693685134621e-48,5.61460580233403e-38,5.0828447790917045e-29,2.5236438827981398e-21,6.931503690211483e-15,1.0685082506948285e-9,9.493689971844174e-6,0.005136353834649945,0.19104933185448097,0.6076096391047641,0.19104933185448103,0.005136353834649943,9.493689971828978e-6,1.0685082818540081e-9,6.8833827526759706e-15,0,0,0,0,0,0,0,0,0,0,0,0,0,0,0,0,0,0,0,0,0,0,0,0,0,0,0,0
3.263079102068073e-65,9.099865160526684e-54,1.8575248437152558e-43,2.782750024018393e-34,3.0709417175278497e-26,2.510195763155949e-19,1.5327840208692657e-13,7.0917504596453195e-9,2.55115995817571e-5,0.00751358920728832,0.20138357118592626,0.5821546418305998,0.2013835711859263,0.007513589207288285,2.55115995817512e-5,7.091750409138342e-9,1.5332179970073412e-13,0,0,0,0,0,0,0,0,0,0,0,0,0,0,0,0,0,0,0,0,0,0,0,0,0,0,0
2.098827700799932e-70,4.764797078809277e-59,1.0213564906801597e-48,2.0711621461571084e-39,3.983781199851092e-31,7.295036812896483e-24,1.2786988164504848e-17,2.163558135642769e-12,3.583194821747021e-8,5.9552718169735976e-5,0.010420872162258623,0.21029925512657774,0.5584405683177642,0.21029925512657777,0.010420872162258621,5.955271816970864e-5,3.583194818634894e-8,2.163602630389505e-12,0,0,0,0,0,0,0,0,0,0,0,0,0,0,0,0,0,0,0,0,0,0,0,0,0,0
2.819211189724521e-75,4.802673030816671e-64,9.618751769716288e-54,2.2681190969170767e-44,6.308973633739255e-36,2.075539997028601e-28,8.105441113521493e-22,3.7777202788157833e-16,2.118801112306845e-11,1.4496621582083532e-7,1.2392220082717837e-4,0.013832442298167545,0.2178728553182203,0.5363412703907615,0.21787285531822032,0.013832442298167491,1.2392220082724226e-4,1.4496621580928348e-7,2.11880513134588e-11,3.3306690738754696e-16,0,0,0,0,0,0,0,0,0,0,0,0,0,0,0,0,0,0,0,0,0,0,0,0
7.538227711693282e-80,9.100706404632486e-69,1.5621574870087093e-58,3.816851918644546e-49,1.3293673249021093e-40,6.612623417333761e-33,4.709970897854746e-26,4.821242799739074e-20,7.130262106279092e-15,1.5360358480542258e-10,4.884313318602973e-7,2.3453234424861602e-4,0.01770150900299233,0.22419750447781164,0.5157319311800097,0.22419750447781162,0.01770150900299239,2.345323442485281e-4,4.88431331935324e-7,1.5360357430438398e-10,7.105427357601002e-15,0,0,0,0,0,0,0,0,0,0,0,0,0,0,0,0,0,0,0,0,0,0,0
3.823042485992969e-84,3.144729890939405e-73,4.3416310716791094e-63,1.0069347601540864e-53,3.927477063402234e-45,2.579974674639003e-37,2.8597763230562023e-30,5.3626874701300885e-24,1.7073942148145695e-18,9.27829574933843e-14,8.674930942328839e-10,1.4135385621079292e-6,4.101325960601713e-4,0.021966173085752303,0.22937578705903383,0.4964929857060114,0.22937578705903383,0.021966173085752327,4.101325960601532e-4,1.413538562089478e-6,8.674930773722167e-10,9.281464485866309e-14,0,0,0,0,0,0,0,0,0,0,0,0,0,0,0,0,0,0,0,0,0,0
3.5088976522265777e-88,1.915904250276843e-77,2.0310433685799634e-67,4.183254706220081e-58,1.6754880273455206e-49,1.3064216845958218e-41,1.9859259810703727e-34,5.896591193155231e-28,3.4285324249753692e-22,3.917754799777535e-17,8.843818478241108e-13,3.974868557008452e-9,3.6013164821802393e-6,6.710777048134826e-4,0.026555231996345827,0.23351398994731973,0.4785121901185716,0.23351398994731976,0.026555231996345796,6.710777048134497e-4,3.6013164822490396e-6,3.974868545419952e-9,8.844036614163997e-13,0,0,0,0,0,0,0,0,0,0,0,0,0,0,0,0,0,0,0,0,0
5.5747410912916716e-92,1.9878667170369948e-81,1.5649848313152545e-71,2.7217204398993964e-62,1.0463907277307214e-53,8.901067022575184e-46,1.6771395256331118e-38,7.009624738831602e-32,6.510802250499067e-26,1.347382426731675e-20,6.234479149479347e-16,6.483048372304702e-12,1.5266814568611547e-8,8.238479899018752e-6,0.0010378568749102779,0.03139334615077811,0.23671777290665869,0.4616855406289113,0.23671777290665874,0.031393346150778045,0.0010378568749103145,8.23847989894766e-6,1.5266814590297884e-8,6.483036329996139e-12,6.661338147750939e-16,0,0,0,0,0,0,0,0,0,0,0,0,0,0,0,0,0,0,0
1.4706104711506826e-95,3.394166178404623e-85,1.9383657070440822e-75,2.7403867022633006e-66,9.596458859793044e-58,8.329878651096293e-50,1.793801098161342e-42,9.593937051710884e-36,1.2762116467667905e-29,4.2302130317840805e-24,3.5027455717130137e-19,7.2707562525686e-15,3.802339773670868e-11,5.047091222248447e-8,1.7195876918263556e-5,0.0015296162820967346,0.03640529317777665,0.23908909828008684,0.44591749174835726,0.23908909828008684,0.03640529317777663,0.0015296162820966908,1.7195876918285613e-5,5.0470912227318365e-8,3.8023473258874674e-11,7.216449660063518e-15,0,0,0,0,0,0,0,0,0,0,0,0,0,0,0,0,0,0
6.19792436161412e-99,9.226597262673629e-89,3.761970306816463e-79,4.202810835914931e-70,1.287125296528049e-61,1.0812026239159273e-53,2.492890015057444e-46,1.5790172393489586e-39,2.750649102208309e-33,1.319656615379237e-27,1.7469030023097846e-22,6.3964834822050184e-18,6.500916659326204e-14,1.842873698384452e-10,1.4675892920188128e-7,3.31806040154236e-5,0.00216286587431666,0.041519221456617156,0.2407242047206884,0.4311207608021616,0.24072420472068834,0.04151922145661713,0.0021628658743166884,3.3180604015470294e-5,1.4675892912041633e-7,1.8428736314746175e-10,6.505906924303417e-14,0,0,0,0,0,0,0,0,0,0,0,0,0,0,0,0,0
4.027656242023615e-102,3.869557654960464e-92,1.115116552852924e-82,9.642160743588513e-74,2.502622849357691e-65,1.950691778559222e-57,4.568799957459912e-50,3.217653682267727e-43,6.819877182275751e-37,4.355002659203251e-31,8.39042656825127e-26,4.886091546670318e-21,8.621668207283721e-17,4.625339346267336e-13,7.58031963135521e-10,3.821102780824031e-7,5.9829960972083076e-5,0.0029504953869551286,0.04666893971879289,0.24171240169838512,0.41721590073224424,0.24171240169838515,0.04666893971879282,0.002950495386955132,5.982996097209092e-5,3.8211027808543463e-7,7.580319705269289e-10,4.625189120588402e-13,1.1102230246251565e-16,0,0,0,0,0,0,0,0,0,0,0,0,0,0,0
3.906361836377207e-105,2.4308494959805073e-95,4.923267452659799e-86,3.2462505768675786e-77,6.970898119303049e-69,4.876911416656666e-61,1.1121289530566943e-53,8.271167746834451e-47,2.0076233240686695e-40,1.591754785898481e-34,4.1268683947078246e-29,3.5036486481935335e-24,9.758130964623572e-20,8.937467175646164e-16,2.7008702834695436e-12,2.705428409230214e-9,9.041224734642183e-7,1.0172430935427289e-4,0.0039011557041253976,0.05179535481966377,0.24213548055313253,0.4041307555662408,0.2421354805531325,0.0517953548196638,0.003901155704125414,1.0172430935428967e-4,9.041224734440689e-7,2.7054284368333015e-9,2.7008395520056183e-12,8.881784197001252e-16,0,0,0,0,0,0,0,0,0,0,0,0,0,0
5.488613478354411e-108,2.2251042570534173e-98,3.160248338854698e-89,1.5728276457018798e-80,2.743805853191038e-72,1.6783496807554186e-64,3.601133886757069e-57,2.7116145649674903e-50,7.169600499931728e-44,6.66103035645777e-38,2.1764082680167747e-32,2.503577267566746e-27,1.0153211693825707e-22,1.454284908436693e-18,7.374578156881693e-15,1.3282195435607173e-11,8.534381031943649e-9,1.9683257107098557e-6,1.6430950169702124e-4,0.005019003795663195,0.05684720598392792,0.2420675691453077,0.39179986940004574,0.2420675691453077,0.056847205983927895,0.005019003795663224,1.6430950169699088e-4,1.9683257107550034e-6,8.53438097969672e-9,1.3282264177405523e-11,7.327471962526033e-15,0,0,0,0,0,0,0,0,0,0,0,0,0
1.0871578904780075e-110,2.892719093039022e-101,2.882253980353319e-92,1.0756281198154044e-83,1.5038402555995088e-75,7.879051005012714e-68,1.547472476604356e-60,1.1397752914469526e-53,3.1496792967726433e-47,3.267456373243192e-41,1.2733550035364378e-35,1.865763164783346e-30,1.0289559646166898e-25,2.1387733482690055e-21,1.678539599690738e-17,4.9855645867656854e-14,5.6217823237908955e-11,2.4168454614689713e-8,3.984007339169221e-6,2.537339189414824e-4,0.006303768562235254,0.06178125208872779,0.24157529130494892,0.3801638917861702,0.2415752913049488,0.06178125208872787,0.006303768562235246,2.537339189414567e-4,3.984007339141726e-6,2.4168454682005347e-8,5.621780818643174e-11,4.984901380566953e-14,0,0,0,0,0,0,0,0,0,0,0,0
2.961120275099039e-113,5.215743145535791e-104,3.6546690995584754e-95,1.018899440356265e-86,1.1304656993073368e-78,4.992657756551423e-71,8.779651255974572e-64,6.149468945015794e-57,1.7162590201790492e-50,1.9094829325590413e-44,8.473856134243389e-39,1.5009879581865167e-33,1.0621184794817346e-28,3.0055952274264078e-24,3.405943324438113e-20,1.5482893127266626e-16,2.8298730518055134e-13,2.0859049613897966e-10,6.225566813469233e-8,7.563509202380211e-6,3.766170244566525e-4,0.007751071615023047,0.06656205894193905,0.24071812417591534,0.3691690045378435,0.24071812417591532,0.06656205894193912,0.007751071615022975,3.7661702445668244e-4,7.563509202390684e-6,6.22556681761921e-8,2.085904782234138e-10,2.829958489769524e-13,1.1102230246251565e-16,0,0,0,0,0,0,0,0,0,0
1.0841324970578643e-115,1.27600428563438e-106,6.312504366169767e-98,1.3128067517103099e-89,1.1479659596004112e-81,4.221604611988844e-74,6.53058010883086e-67,4.2508332470130593e-60,1.164629870390512e-53,1.3435777979883839e-47,6.529815248961897e-42,1.3376599692438641e-36,1.155830538344374e-31,4.216114196423239e-27,6.499170190880196e-23,4.2394569750420506e-19,1.1722291389864978e-15,1.3769825923511624e-12,6.891543867279763e-10,1.4750962141808586e-7,1.3569473819966923e-5,5.39773838311723e-4,0.009352928648230788,0.07116151414178186,0.23954887389976298,0.3587663835958774,0.23954887389976298,0.07116151414178185,0.009352928648230785,5.39773838311719e-4,1.356947382002982e-5,1.4750962140652746e-7,6.89154400212999e-10,1.3768985951401191e-12,1.2212453270876722e-15,0,0,0,0,0,0,0,0,0
5.2257986469170025e-118,4.1506830765825746e-109,1.457120537519585e-100,2.2612147727831803e-92,1.5514158773119802e-84,4.706891004443002e-77,6.316123422967733e-70,3.749580914292575e-63,9.850372529842154e-57,1.1455220020574185e-50,5.899347905195593e-45,1.34603305414279e-39,1.3614477018425674e-34,6.108501071851845e-30,1.2168016799995418e-25,1.0772301359149716e-21,4.2439511427906216e-18,7.452994564422207e-15,5.846835590682932e-12,2.0546598845639193e-9,3.245836855332782e-7,2.3153964472162264e-5,7.499224170410243e-4,0.011098359612328704,0.07555817385059682,0.23811421227967608,0.348911702463371,0.2381142122796761,0.07555817385059682,0.011098359612328634,7.499224170410823e-4,2.3153964472166777e-5,3.2458368548482497e-7,2.0546598866744148e-9,5.8468785368859244e-12,7.438494264988549e-15,0,0,0,0,0,0,0,0
3.254026834929608e-120,1.7620029127504983e-111,4.415558012776479e-103,5.1216797106518785e-95,2.7500995793142394e-87,6.836961677432348e-80,7.871107794686774e-73,4.197178552559638e-66,1.0368901829289481e-59,1.187089997922132e-53,6.300176447463063e-48,1.5506303809513298e-42,1.7707237465292472e-37,9.386879706192049e-33,2.311597775560987e-28,2.6465679473233665e-24,1.4101947998704025e-20,3.501535375321314e-17,4.0581314854710456e-14,2.199767082109925e-11,5.591731720721081e-9,6.687539548591646e-7,3.778388326684179e-5,0.0010133999325746541,0.01297404525218322,0.07973652252981159,0.2364552343835059,0.33956467930186585,0.2364552343835059,0.07973652252981156,0.012974045252183264,0.0010133999325746545,3.7783883266806484e-5,6.687539548799748e-7,5.591731744303274e-9,2.1997625943015464e-11,4.063416270128073e-14,0,0,0,0,0,0,0
2.572423299698705e-122,9.594730828022049e-114,1.7276607265648448e-105,1.5019925532322567e-97,6.305434822902161e-90,1.278384466003746e-82,1.2519198685769474e-75,5.922966805092089e-69,1.3540679961391824e-62,1.49618282178726e-56,7.992697151165894e-51,2.06494594729614e-45,2.5810610368491378e-40,1.561570113285337e-35,4.5754900937053285e-31,6.497055661870739e-27,4.474587484824191e-23,1.4961825072732196e-19,2.431957127954942e-16,1.9246363771938949e-13,7.430501323353649e-11,1.4029232385153081e-8,1.2993304559484296e-6,5.9248513903187473e-5,0.001335908505358581,0.014964980246137016,0.08368620558231205,0.23460801015166116,0.3306886671328839,0.23460801015166122,0.08368620558231199,0.014964980246137016,0.001335908505358585,5.9248513903154e-5,1.2993304560060537e-6,1.4029232331402852e-8,7.430500659211248e-11,1.9251267247000214e-13,2.220446049250313e-16,0,0,0,0,0
2.54100529452554e-124,6.596282613337753e-116,8.594142956263055e-108,5.620289854953987e-100,1.845083220439944e-92,3.041084718477701e-85,2.5168511578157376e-78,1.046097820748953e-71,2.1839956494445654e-65,2.2907960594028314e-59,1.2074818183713358e-53,3.1993030916953076e-48,4.262381924434232e-43,2.856526907360866e-38,9.634104565776004e-34,1.6360958366464618e-29,1.3999647461178912e-25,6.040676674004197e-22,1.3156573009230229e-18,1.4481646290004371e-15,8.068021810163033e-13,2.2793082773714374e-10,3.272859926207119e-8,2.3952847801104154e-6,8.964699801400853e-5,0.0017223059302697039,0.01705508658076329,0.08740127697107342,0.2326041127426708,0.3222502850701807,0.2326041127426708,0.08740127697107336,0.01705508658076338,0.0017223059302696742,8.964699801394804e-5,2.3952847801878008e-6,3.2728599275166914e-8,2.2793078535698896e-10,8.067990719951013e-13,1.4432899320127035e-15,0,0,0,0
3.090819449129219e-126,5.642108167381538e-118,5.357696168672641e-110,2.6468077087498413e-102,6.803266248932415e-95,9.099374235276234e-88,6.333717575964409e-81,2.294668766274669e-74,4.327774467612186e-68,4.249827727747024e-62,2.1733534932500325e-56,5.789562717688269e-51,8.035967232006446e-46,5.813644549832881e-41,2.193019644062808e-36,4.31535831455569e-32,4.432067154356086e-28,2.3773527783539208e-24,6.665327645927137e-21,9.777053622311456e-18,7.512166287198124e-15,3.027758592976666e-12,6.412755395251932e-10,7.152665914911733e-8,4.212155754592828e-6,1.3135572506259036e-4,0.002176450047982939,0.019227763238300943,0.09087948949407151,0.23047111331312214,0.3142190877094706,0.2304711133131222,0.09087948949407143,0.019227763238301,0.0021764500479829474,1.313557250625097e-4,4.21215575463485e-6,7.1526659151111e-8,6.412755881868293e-10,3.0276892104552644e-12,7.549516567451064e-15,0,0,0
4.5680351638087875e-128,5.9235824757788314e-120,4.130338970665524e-112,1.548702777119235e-104,3.1229876936992743e-97,3.3871572165562054e-90,1.9761115989212245e-83,6.202298241437352e-77,1.047417469498406e-70,9.518795281081976e-65,4.656051310668178e-59,1.2260752179301992e-53,1.7385360574853666e-48,1.327815233347109e-43,5.464105675421809e-39,1.2119721780085337e-34,1.449616253211656e-30,9.354750682179054e-27,3.259179040471094e-23,6.135025499833411e-20,6.245437274075374e-17,3.4422375786203165e-14,1.0286054542329526e-11,1.669204560652159e-9,1.473963805626578e-7,7.098954910166386e-6,1.86977617916709e-4,0.0027010996512589875,0.021466358839382915,0.09412164430494319,0.2282330368277118,0.30656726945594115,0.2282330368277118,0.09412164430494319,0.02146635883938297,0.0027010996512589758,1.8697761791663936e-4,7.098954910245148e-6,1.4739638054539483e-7,1.6692045523569732e-9,1.028599427854715e-11,3.441691376337985e-14,1.1102230246251565e-16,0
8.102637757952943e-130,7.538795902040185e-122,3.888982222110437e-114,1.1123970976744442e-106,1.7644464652923232e-99,1.5521029024967734e-92,7.572493919446228e-86,2.0493296326352285e-79,3.0767563885819117e-73,2.562970492133352e-67,1.1847648483304533e-61,3.039744954986615e-56,4.3296047342669766e-51,3.4242754022052127e-46,1.5042428368320187e-41,3.671429999926929e-37,4.980624238865817e-33,3.7571284804564244e-29,1.5768143053852473e-25,3.6840877943362585e-22,4.795470021824121e-19,3.480784778892315e-16,1.4103949476937082e-13,3.194400014392475e-11,4.050411901298722e-9,2.88049243908466e-7,1.1513603819381463e-5,2.5927686870871674e-4,0.0032978700162983386,0.023754562219446336,0.09713100805704208,0.22591077685228644,0.299269400501315,0.22591077685228644,0.09713100805704211,0.023754562219446274,0.003297870016298332,2.5927686870874656e-4,1.1513603819346407e-5,2.8804924390168907e-7,4.0504120057960336e-9,3.1943891976027317e-11,1.411093464298574e-13,3.3306690738754696e-16
1.705471736865933e-131,1.1496827502266054e-123,4.420990025936727e-116,9.698345403922847e-109,1.213790755338938e-101,8.667480193160284e-95,3.531696114206673e-88,8.212174697322597e-82,1.0898466618691034e-75,8.255793438906975e-70,3.570253885699696e-64,8.815661682619815e-59,1.2430951743322839e-53,1.001236851038239e-48,4.607389752341373e-44,1.2116508787839737e-39,1.8215561023748056e-35,1.5660714992788749e-31,7.703259247960249e-28,2.168981372366994e-24,3.498017929989215e-21,3.2336318592017734e-18,1.7149050391383679e-15,5.223020253636347e-13,9.14683513790798e-11,9.223960754742455e-9,5.365280761120692e-7,1.8035427876864096e-5,3.5110368369452115e-4,0.003967237644697982,0.026076712045979254,0.09991280021383611,0.2235224695105807,0.2923021912586106,0.22352246951058075,0.09991280021383608,0.026076712045979278,0.003967237644697974,3.5110368369450917e-4,1.8035427876927912e-5,5.365280760782909e-7,9.223960706350454e-9,9.146838841900262e-11,5.240252676230739e-13
4.2155133866222e-133,2.078604392869139e-125,6.00314614752224e-118,1.015541487317494e-110,1.0063675724449489e-103,5.842345603818201e-97,1.9871206706766786e-90,3.960099978953947e-84,4.62461779216193e-78,3.1650546944361013e-72,1.2696265234993293e-66,2.9855245711839118e-61,4.116078637099578e-56,3.327689876987166e-51,1.5779276942827859e-46,4.389534905132807e-42,7.165638682557056e-38,6.866462048329801e-34,3.863779409459467e-30,1.2772610471586155e-26,2.4817323628896353e-23,2.835944637834816e-20,1.907283008941147e-17,7.555624003930923e-15,1.764785553741701e-12,2.433227992958997e-10,1.9830199472037565e-8,9.567381447982328e-7,2.7373402983807802e-5,4.653140075014981e-4,0.004708586589230663,0.028418030745765228,0.10247374911465476,0.22108382820072314,0.2856442822514029,0.22108382820072314,0.10247374911465479,0.02841803074576521,0.004708586589230679,4.653140075014939e-4,2.737340298375468e-5,9.567381448194467e-7,1.9830199482484545e-8,2.4509516638460127e-10
1.2118869432929103e-134,4.411498343591347e-127,9.640104757727523e-120,1.264656811678959e-112,9.960585553564752e-106,4.710280815557317e-99,1.3374879237968488e-92,2.2805981678064287e-86,2.3354037137605525e-80,1.436389589075334e-74,5.306735067990338e-69,1.177825676950556e-63,1.5707005627506523e-58,1.2587304829596192e-53,6.062845883737829e-49,1.755549688465882e-44,3.056637138531349e-40,3.200999149355946e-36,2.016848505656553e-32,7.648286358693125e-29,1.7463910698054478e-25,2.402260270578036e-22,1.991827600966108e-19,9.961675872651635e-17,3.0075233434907836e-14,5.4863931064399886e-12,6.053916560975184e-10,4.0457312759958314e-8,1.6397498579738237e-6,4.0369170504126096e-5,6.046890801659632e-4,0.0055202876647510194,0.030764790546980725,0.1048217128662364,0.21860844150877742,0.27927605668901073,0.21860844150877745,0.10482171286623643,0.03076479054698067,0.0055202876647511,6.046890801659766e-4,4.0369170504095386e-5,1.6397498580067449e-6,4.1068220935081e-8
4.016209361224199e-136,1.089024546305758e-128,1.8138272873685127e-121,1.8557214421345038e-114,1.1663043546651126e-107,4.503178702480099e-101,1.0682258946404322e-94,1.5569512161973757e-88,1.394406915293773e-82,7.674411128408015e-77,2.5958781723550403e-71,5.397031251031032e-66,6.897796161586812e-61,5.420142114646729e-56,2.618929323160224e-51,7.782635647078221e-47,1.4226799506995723e-42,1.6001687106692626e-38,1.1076890339967983e-34,4.720594774965876e-31,1.2389584473095203e-27,2.003444419196737e-24,1.9969505746176432e-21,1.227638193775327e-18,4.657688376804436e-16,1.091434037444102e-13,1.5810055585645707e-11,1.4171511549170657e-9,7.869411330399391e-8,2.7105947065925885e-6,5.799425029613885e-5,7.71859152154094e-4,0.006399801685991304,0.03310442071276057,0.10696535967174059,0.21610803719983013,0.27317947321067293,0.21610803719983018,0.10696535967174048,0.03310442071276065,0.006399801685991302,7.71859152154053e-4,5.799425029617833e-5,2.79072189068863e-6
1.5217397082599352e-137,3.100493858259734e-130,3.964298932772761e-123,3.18102281253037e-116,1.6019674268110923e-109,5.063498964093652e-103,1.0045783174496012e-96,1.251069185545194e-90,9.780805116753044e-85,4.80062969602498e-79,1.4794164467273656e-73,2.862819103736397e-68,3.4790136036684697e-63,2.6554023082493387e-58,1.2731405318322686e-53,3.83496762428896e-49,7.258767954291663e-45,8.635093046223501e-41,6.457634183974797e-37,3.036659754168591e-33,8.98185856552072e-30,1.6716099598337194e-26,1.9582913120149312e-23,1.444760494644884e-20,6.716225833624678e-18,1.9685070472563535e-15,3.6403541672823357e-13,4.2511210876522535e-11,3.1377834290790457e-9,1.4654039391269e-7,4.335183266281196e-6,8.134133307972921e-5,9.692348820543785e-4,0.007343798378031216,0.03542556538834343,0.10891390150696734,0.21359271534083363,0.2673379165327389,0.21359271534083357,0.10891390150696734,0.035425565388343405,0.00734379837803123,9.692348820543595e-4,8.582623740061024e-5
6.542229256118226e-139,1.0100282674532395e-131,9.983750058044423e-125,6.318653083266355e-118,2.5606239687969966e-111,6.6447584966301435e-105,1.1042014257076259e-98,1.1751111884038825e-92,8.009392028680849e-87,3.496562661529764e-81,9.777746059699718e-76,1.75158041965352e-70,2.0102856345096254e-65,1.4783224603734235e-60,6.966542578576757e-56,2.1040770956732995e-51,4.073515019339448e-47,5.056106503251194e-43,4.024282873194236e-39,2.0543969927809873e-35,6.728465946415251e-32,1.4142045117054216e-28,1.9081858045515937e-25,1.6535276513137652e-22,9.206200167550602e-20,3.294979569335445e-17,7.585545395415886e-15,1.1240298375053455e-12,1.0729033417099895e-10,6.602539112542204e-9,2.6220757280940017e-7,6.726913256646385e-6,1.1160996700530304e-4,0.001198949004062935,0.008348283539631119,0.037718101192637805,0.11067687487257541,0.2110711536058413,0.26173606397291116,0.21107115360584128,0.11067687487257538,0.037718101192637854,0.00834828353963113,0.001317554802858778
3.1688752805865664e-140,3.737273118842853e-133,2.8755055367935057e-126,1.4434443798537978e-119,4.7274899254305326e-113,1.0102426582996311e-106,1.4086623820792867e-100,1.2817337759815278e-94,7.610693731870187e-89,2.9492697231089574e-83,7.4593287222891265e-78,1.2314433042266137e-72,1.327078527165186e-67,9.336598184355663e-63,4.2888190063381134e-58,1.2864606134104767e-53,2.520136914032579e-49,3.224684344624512e-45,2.695633762073113e-41,1.4724153442009404e-37,5.256447440030781e-34,1.226752982490755e-30,1.872193040773951e-27,1.869032393526461e-24,1.2210136667168284e-21,5.222161065651673e-19,1.462922763429546e-16,2.6858335052358893e-14,3.2337088245149786e-12,2.5550458724041347e-10,1.325925067774107e-8,4.5231532388456714e-7,1.0152514831716382e-5,1.500873253259145e-4,0.0014628098929958314,0.009408728206978526,0.03997312299030428,0.11226396251285019,0.2085507876988528,0.25635976604904176,0.20855078769885282,0.1122639625128502,0.0399731229903042,0.011032243773471895
1.7180321536619368e-141,1.5600030987496013e-134,9.405499507323633e-128,3.7654422785382007e-121,1.0010243703426301e-114,1.7672014152270592e-108,2.0718580179816132e-102,1.6131993191031242e-96,8.34245181740477e-91,2.8655156289829594e-85,6.5379789722659205e-80,9.909392266838004e-75,9.978094166948488e-70,6.675491127706801e-65,2.967536281815946e-60,8.76663567106734e-56,1.7212596164565633e-51,2.2464408842583546e-47,1.949147717554041e-43,1.124527247210744e-39,4.3147404766356874e-36,1.1012705010247197e-32,1.8702342643480215e-29,2.113895674626703e-26,1.590729971017163e-23,7.972488554548943e-21,2.662298910481981e-18,5.926392329493221e-16,8.798860185800299e-14,8.718163629146563e-12,5.768670273908233e-10,2.5509212905904515e-8,7.544567077252119e-7,1.4936701461652196e-5,1.9812502377938922e-4,0.0017622677605403222,0.010520194811910674,0.042182905360675996,0.11368485036493317,0.20603796964792742,0.25119593955435393,0.20603796964792742,0.11368485036493314,0.05467921020996247
1.0362347018997768e-142,7.299268900114654e-136,3.4709746240860216e-129,1.1142654929746742e-122,2.4149414304132765e-116,3.5336374064952534e-110,3.491025491793858e-104,2.3287318324090454e-98,1.0489212613356499e-92,3.1904117845012534e-87,6.553250088803388e-82,9.090778748036003e-77,8.517473417453562e-72,5.3903880652848234e-67,2.304446524404818e-62,6.655681388000765e-58,1.2988061296135904e-53,1.712671449219852e-49,1.5262998974574154e-45,9.194053246377695e-42,3.744111947039601e-38,1.0309746199041794e-34,1.919984911097918e-31,2.4188221665743206e-28,2.0619868536000033e-25,1.1898139298990445e-22,4.6487545047523195e-20,1.2303583993316567e-17,2.2067797628191707e-15,2.683718969999942e-13,2.214158968356834e-11,1.2400588602656396e-9,4.71769229609819e-8,1.2200684380076439e-6,2.1465254360642523e-5,2.571131343867328e-4,0.00209839344534351,0.011677456543890094,0.04434084626493229,0.11494911449360565,0.20353810650787593,0.24623247169554624,0.20353810650787596,0.17334565764435095
6.9139108631364e-144,3.8057242341241293e-137,1.4363594377823627e-130,3.7171876579474374e-124,6.596380937423476e-118,8.02698313179952e-112,6.698400563671611e-106,3.8333651487071843e-100,1.5045246681366048e-94,4.049952865866247e-89,7.477485890741417e-84,9.469822830209689e-79,8.226911700968917e-74,4.903107868897602e-69,2.0048400955736863e-64,5.624699577702496e-60,1.0828589720833672e-55,1.4306840454857804e-51,1.297377572021495e-47,8.076020406892595e-44,3.451446986198535e-40,1.0128614006172611e-36,2.0413854728430024e-33,2.8262954068638682e-30,2.6886268206038126e-27,1.757842322622783e-24,7.901260405377268e-22,2.442456835164339e-19,5.19441274828071e-17,7.603428973192324e-15,7.663922395337582e-13,5.322156472760933e-11,2.5478072583986407e-9,8.41308133852144e-8,1.9175083101580933e-6,3.0186258432847244e-5,3.2845261718670194e-4,0.0024718691419593763,0.012875107236841413,0.04644139839255561,0.11606613331054177,0.20105578177881536,0.24145813404548105,0.37927093297725945
5.076157149914307e-145,2.1988312722932778e-138,6.627175398793353e-132,1.3898151261103887e-125,2.0281072291033197e-119,2.0594176739563352e-113,1.4552348121702832e-107,7.156053350414083e-102,2.4489733420518025e-96,5.832896075338082e-91,9.669311509671967e-86,1.1156844536756319e-80,8.960810474655612e-76,5.010041180035346e-71,1.9500877835671556e-66,5.284693073336618e-62,9.971844860865027e-58,1.3102759521827317e-53,1.199022777678204e-49,7.642237374534144e-46,3.3931174046364305e-42,1.0496052460548147e-38,2.262417894713977e-35,3.3987475044878356e-32,3.5592079949787633e-29,2.598820231824945e-26,1.3234260913314763e-23,4.701640665121056e-21,1.1656443395789837e-18,2.017466529195e-16,2.438621005657465e-14,2.059548529100712e-12,1.2159053549232045e-10,5.020598080487213e-9,1.450718102235096e-7,2.9352123806783606e-6,4.160931749173189e-5,4.1352737361284944e-4,0.002882989958408853,0.014107660069579916,0.04847999270022078,0.11704502092971796,0.19859486161793338,0.6184312526045709
4.080878227980019e-146,1.4005347462769248e-139,3.390918255876059e-133,5.7920906127109654e-127,6.980078724633277e-121,5.934792325901764e-115,3.5602892185606025e-109,1.5070061693998153e-103,4.5010256615506527e-98,9.48621055134444e-93,1.4108423847041016e-87,1.4807784594682576e-82,1.0968591004232325e-77,5.734376909800652e-73,2.116041390256344e-68,5.5118225546811786e-64,1.0135218583023898e-59,1.3157547993392873e-55,1.2060402015814983e-51,7.806188180327126e-48,3.568264759244229e-44,1.1520517642989296e-40,2.6275210035129373e-37,4.233984644021495e-34,4.821242016801459e-31,3.880269909858196e-28,2.20777704341221e-25,8.882740032934877e-23,2.5278874451028503e-20,5.0900450012590246e-18,7.254160268979446e-16,7.320117459896203e-14,5.232312679353098e-12,2.6503846359854665e-10,9.518602128836391e-9,2.4249837244819275e-7,4.384783459750251e-6,5.630269451863921e-5,5.136770320614724e-4,0.0033316748919362126,0.015369634174864637,0.0504529577749937,0.11789457804439143,0.8123765383164548
3.575883617217641e-147,9.786778853538633e-141,1.914459004235089e-134,2.676781175205185e-128,2.675171699046279e-122,1.9110620321158899e-116,9.758779528508633e-111,3.562280564704615e-105,9.295827459700705e-100,1.7341712464358947e-94,2.3129059090460973e-89,2.2054926336570096e-84,1.5036828155014758e-79,7.330491075073094e-75,2.5554152006132492e-70,6.37043667810319e-66,1.135760313506567e-61,1.4482627837844283e-57,1.32095513253647e-53,8.61885151901831e-50,4.0232430575361804e-46,1.3437497721122885e-42,3.211670210346972e-39,5.493828910956943e-36,6.726963045330687e-33,5.897098759619752e-30,3.70183832095995e-27,1.6643698852619254e-24,5.360923935239844e-22,1.237377346001046e-19,2.0472216310784766e-17,2.428667517476183e-15,2.0666427402279886e-13,1.2618971665107302e-11,5.53125744047161e-10,1.7412345762982875e-8,3.9384607679137124e-7,6.403852049389432e-6,7.488843809119202e-5,6.301714281083576e-4,0.003817485649883568,0.016655628896754517,0.0523574378759204,0.9264575720348162
3.4006265064285665e-148,7.468966624446258e-142,1.1870436416987091e-135,1.3651717713453802e-129,1.1361431820960604e-123,6.842510377668181e-118,2.9822690034516817e-112,9.406766509162134e-107,2.147387308910654e-101,3.5479072840671266e-96,4.242703105912811e-91,3.6723117007603144e-86,2.300819171453301e-81,1.0435006748528282e-76,3.4260477003851896e-72,8.143474400556407e-68,1.401423230175967e-63,1.7462336502056225e-59,1.5755856613040545e-55,1.0294962616329557e-51,4.8718148373203707e-48,1.6698763842457627e-44,4.1462393521752086e-41,7.4585612286472e-38,9.721792514093472e-35,9.183213118948049e-32,6.287436622675144e-29,3.120791649823165e-26,1.1232033790866028e-23,2.931934492638514e-21,5.552164790418783e-19,7.629630570417478e-17,7.610443245108593e-15,5.512206319014637e-13,2.900048929528794e-11,1.1087042959704315e-9,3.0812905158061515e-8,6.227876054855241e-7,9.158551945452521e-6,9.803565975857769e-5,7.641875594816836e-4,0.004339651694291181,0.017960385929520276,0.9768279258662285
3.4957100168518334e-149,6.19885106634987e-143,8.0474213984811575e-137,7.648586740934313e-131,5.322241222212862e-125,2.711486910687787e-119,1.0114199859178155e-113,2.762351322668389e-108,5.524117149974633e-103,8.089052854713304e-98,8.673585199033423e-93,6.810553343411535e-88,3.916218187714439e-83,1.6491932972873174e-78,5.0864828915140695e-74,1.1490210128439852e-69,1.9011999456287444e-65,2.3043288021370004e-61,2.0460107206279962e-57,1.330917105946106e-53,6.343220467916221e-50,2.215256079087109e-46,5.669399114744383e-43,1.0634012810698238e-39,1.4620338599078241e-36,1.4735889196950144e-33,1.088976703327616e-30,5.9014065981073e-28,2.345664760664176e-25,6.839692385946016e-23,1.4633992314064047e-20,2.2979962474885376e-18,2.649173058292702e-16,2.2426944634666745e-14,1.3946425785142153e-12,6.372836307399795e-11,2.140586096983384e-9,5.2871744197594155e-8,9.606662131739682e-7,1.2845464989535511e-5,1.2645221245220987e-4,9.167895981518012e-4,0.004897099929842004,0.9940457970508753
3.869713919941652e-150,5.572648233332081e-144,5.940325771680919e-138,4.6874137630470535e-132,2.7380416869216014e-126,1.1839695669034039e-120,3.7900541926955527e-115,8.981857076660301e-110,1.5758503720291975e-104,2.046940086536468e-99,1.9685697251386553e-94,1.4017394755910843e-89,7.390454969651439e-85,2.8852290962013186e-80,8.340922198764806e-76,1.7856383837960918e-71,2.831010641972193e-67,3.324167845531304e-63,2.8909794787026895e-59,1.8623331732044198e-55,8.886945884109011e-52,3.1417098092546e-48,8.228809803213841e-45,1.5970124172577834e-41,2.296820319579856e-38,2.4481897370592407e-35,1.934280762163261e-32,1.1329562117691762e-29,4.9203381591489414e-27,1.5846772857201596e-24,3.785593187452822e-22,6.709115589596063e-20,8.823361572476705e-18,8.612875067024719e-16,6.242003103910959e-14,3.35959299924469e-12,1.3432891558078255e-10,3.991289572896986e-9,8.815862346515996e-8,1.4480235348517894e-6,1.7692911491796868e-5,1.608750830459525e-4,0.0010889123445407135,0.9987309793497219
4.596823841027739e-151,5.406145580819413e-145,4.755862524565546e-139,3.1296117195734736e-133,1.5405648449659163e-127,5.672926973983353e-122,1.5627231838201035e-116,3.22044013730688e-111,4.964987279265944e-106,5.726681567324142e-101,4.941776242044806e-96,3.1906005055932674e-91,1.5412970754160339e-86,5.571104741932217e-82,1.5067983806192783e-77,3.049629626128963e-73,4.6188950214966036e-69,5.2354116509642184e-65,4.441299198939991e-61,2.8199576897940116e-57,1.3402254988721174e-53,4.768128540033338e-50,1.2699537392727411e-46,2.5324222150438483e-43,3.781243697947999e-40,4.227948500290159e-37,3.540558404136021e-34,2.220835381469018e-31,1.0435765679342517e-28,3.674195203720297e-26,9.693998376363361e-24,1.917017135766791e-21,2.8419599792238615e-19,3.1591682317280917e-17,2.6338548043132164e-15,1.6473435317582832e-13,7.731541843280623e-12,2.723709676765446e-10,7.204394744162801e-9,1.43123260969783e-7,2.1361720482940913e-6,2.3961492441434167e-5,2.020598514897034e-4,0.9997716918760949
